cve_id,description,published_date,cvss_score,malware_family
CVE-2024-45163,"The Mirai botnet through 2024-08-19 mishandles simultaneous TCP connections to the CNC (command and control) server. Unauthenticated sessions remain open, causing resource consumption. For example, an attacker can send a recognized username (such as root), or can send arbitrary data.",2024-08-22T04:15:20.247,9.1,Mirai
CVE-1999-1247,Vulnerability in HP Camera component of HP DCE/9000 in HP-UX 9.x allows attackers to gain root privileges.,1999-02-24T05:00:00.000,N/A,Unknown
CVE-2001-1543,"Axis network camera 2120, 2110, 2100, 200+ and 200 contains a default administration password ""pass"", which allows remote attackers to gain access to the camera.",2001-12-31T05:00:00.000,N/A,Unknown
CVE-2003-0240,The web-based administration capability for various Axis Network Camera products allows remote attackers to bypass access restrictions and modify configuration via an HTTP request to the admin/admin.shtml containing a leading // (double slash).,2003-06-09T04:00:00.000,N/A,Unknown
CVE-2004-1650,"D-Link DCS-900 Internet Camera listens on UDP port 62976 for an IP address, which allows remote attackers to change the IP address of the camera via a UDP broadcast packet.",2004-08-31T04:00:00.000,N/A,Unknown
CVE-2004-0334,"InnoMedia VideoPhone allows remote attackers to bypass Basic Authorization via an HTTP request to (1) videophone_admindetail.asp, (2) videophone_syscfg.asp, (3) videophone_upgrade.asp, or (4) videophone_sysctrl.asp that contains a trailing / (slash).  NOTE: the original report mentioned AXIS 2100 Network Camera, but this was likely a cut-and-paste error.",2004-11-23T05:00:00.000,N/A,Unknown
CVE-2004-2425,"Axis Network Camera 2.40 and earlier, and Video Server 3.12 and earlier, allows remote attackers to execute arbitrary commands via accent (`) and possibly other shell metacharacters in the query string to virtualinput.cgi.",2004-12-31T05:00:00.000,N/A,Unknown
CVE-2004-2426,"Directory traversal vulnerability in Axis Network Camera 2.40 and earlier, and Video Server 3.12 and earlier, allows remote attackers to bypass authentication via a ..  (dot dot) in an HTTP POST request to ServerManager.srv, then use these privileges to conduct other activities, such as modifying files using editcgi.cgi.",2004-12-31T05:00:00.000,N/A,Unknown
CVE-2004-2427,"Axis Network Camera 2.40 and earlier, and Video Server 3.12 and earlier, allows remote attackers to obtain sensitive information via direct requests to (1) admin/getparam.cgi, (2) admin/systemlog.cgi, (3) admin/serverreport.cgi, and (4) admin/paramlist.cgi, modify system information via (5) setparam.cgi and (6) factorydefault.cgi, or (7) cause a denial of service (reboot) via restart.cgi.",2004-12-31T05:00:00.000,N/A,Unknown
CVE-2004-2507,Absolute path traversal vulnerability in main.cgi in Linksys WVC11B Wireless-B Internet Video Camera allows remote attackers to read arbitrary files via an absolute pathname in the next_file parameter.,2004-12-31T05:00:00.000,N/A,Unknown
CVE-2004-2508,Cross-site scripting (XSS) vulnerability in main.cgi in Linksys WVC11B Wireless-B Internet Video Camera allows remote attackers to inject arbitrary web script or HTML via the next_file parameter.,2004-12-31T05:00:00.000,N/A,Unknown
CVE-2005-1422,Raysoft/Raybase Video Cam Server 1.0.0 beta allows remote attackers to conduct administrator operations and cause a denial of service (server or camera shutdown) via a direct request to admin.html.,2005-05-03T04:00:00.000,N/A,Unknown
CVE-2005-2734,"Cross-site scripting (XSS) vulnerability in Gallery 1.5.1-RC2 and earlier allows remote attackers to inject arbitrary web script or HTML via EXIF data, such as the Camera Model Tag.",2005-08-30T11:45:00.000,N/A,Unknown
CVE-2005-2735,"Cross-site scripting (XSS) vulnerability in phpGraphy 0.9.9a and earlier allows remote attackers to inject arbitrary web script or HTML via EXIF data, such as the Camera Model Tag.",2005-08-30T11:45:00.000,N/A,Unknown
CVE-2005-2736,"Cross-site scripting (XSS) vulnerability in YaPig 0.95 and earlier allows remote attackers to inject arbitrary web script or HTML via EXIF data, such as the Camera Model Tag.",2005-08-30T11:45:00.000,N/A,Unknown
CVE-2005-2737,"Cross-site scripting (XSS) vulnerability in PhotoPost PHP Pro 5.1 allows remote attackers to inject arbitrary web script or HTML via EXIF data, such as the Camera Model Tag.",2005-08-30T11:45:00.000,N/A,Unknown
CVE-2006-2490,"Multiple cross-site scripting (XSS) vulnerabilities in Mobotix IP Network Cameras M1 1.9.4.7 and M10 2.0.5.2, and other versions before 2.2.3.18 for M10/D10 and 3.0.3.31 for M22, allow remote attackers to inject arbitrary web script or HTML via URL-encoded values in (1) the query string to help/help, (2) the get_image_info_abspath parameter to control/eventplayer, and (3) the source_ip parameter to events.tar.",2006-05-19T23:02:00.000,N/A,Unknown
CVE-2006-3603,Cross-site scripting (XSS) vulnerability in index.php in FlexWATCH Network Camera 3.0 and earlier allows remote attackers to inject arbitrary web script or HTML via the URL.,2006-07-18T15:37:00.000,N/A,Unknown
CVE-2006-3604,Directory traversal vulnerability in FlexWATCH Network Camera 3.0 and earlier allows remote attackers to bypass access restrictions for (1) admin/aindex.asp or (2) admin/aindex.html via a .. (dot dot) and encoded / (%2f) sequence in the URL.,2006-07-18T15:37:00.000,N/A,Unknown
CVE-2006-6246,"Photo Organizer 2.32b and earlier does not properly check the ownership of certain objects, which allows remote attackers to gain unauthorized access via vectors related to (1) camera del, (2) camera edit, (3) folder/album deletion, (4) photo.move, (5) content.indexer, (6) folder.content, and possibly other operations.",2006-12-04T11:28:00.000,N/A,Unknown
CVE-2007-2239,"Stack-based buffer overflow in the SaveBMP method in the AXIS Camera Control (aka CamImage) ActiveX control before 2.40.0.0 in AxisCamControl.ocx in AXIS 2100, 2110, 2120, 2130 PTZ, 2420, 2420-IR, 2400, 2400+, 2401, 2401+, 2411, and Panorama PTZ allows remote attackers to cause a denial of service (Internet Explorer crash) or execute arbitrary code via a long argument.",2007-05-07T19:19:00.000,N/A,Unknown
CVE-2007-2680,"Cross-site scripting (XSS) vulnerability in the management interface in Canon Network Camera Server VB100 and VB101 with firmware 3.0 R69 and earlier, and VB150 with firmware 1.1 R39 and earlier, allows remote attackers to inject arbitrary web script or HTML via unspecified vectors.",2007-05-15T00:19:00.000,N/A,Unknown
CVE-2007-3488,"Heap-based buffer overflow in the viewer ActiveX control in Sony Network Camera SNC-RZ25N before 1.30; SNC-P1 and SNC-P5 before 1.29; SNC-CS10 and SNC-CS11 before 1.06; SNC-DF40N and SNC-DF70N before 1.18; SNC-RZ50N and SNC-CS50N before 2.22; SNC-DF85N, SNC-DF80N, and SNC-DF50N before 1.12; and SNC-RX570N/W, SNC-RX570N/B, SNC-RX550N/W, SNC-RX550N/B, SNC-RX530N/W, and SNC-RX530N/B 3.00 and 2.x before 2.31; allows remote attackers to execute arbitrary code via a long first argument to the PrmSetNetworkParam method.",2007-06-29T18:30:00.000,N/A,Unknown
CVE-2007-4233,Multiple unspecified vulnerabilities in Camera Life before 2.6 allow attackers to cause a denial of service via unknown vectors.,2007-08-08T22:17:00.000,N/A,Unknown
CVE-2007-4234,Unspecified vulnerability in Camera Life before 2.6 allows remote attackers to download private photos via unspecified vectors associated with the names of the photos.  NOTE: some of these details are obtained from third party information.,2007-08-08T22:17:00.000,N/A,Unknown
CVE-2007-4926,"The AXIS 207W camera uses a base64-encoded cleartext username and password for authentication, which allows remote attackers to obtain sensitive information by sniffing the wireless network or by leveraging unspecified other vectors.",2007-09-18T18:17:00.000,N/A,Unknown
CVE-2007-4927,axis-cgi/buffer/command.cgi on the AXIS 207W camera allows remote authenticated users to cause a denial of service (reboot) via many requests with unique buffer names in the buffername parameter in a start action.,2007-09-18T18:17:00.000,N/A,Unknown
CVE-2007-4928,"The AXIS 207W camera stores a WEP or WPA key in cleartext in the configuration file, which might allow local users to obtain sensitive information.",2007-09-18T18:17:00.000,N/A,Unknown
CVE-2007-4929,"Multiple cross-site scripting (XSS) vulnerabilities in the AXIS 207W camera allow remote attackers to inject arbitrary web script or HTML via the camNo parameter to incl/image_incl.shtml, and other unspecified vectors.",2007-09-18T18:17:00.000,N/A,Unknown
CVE-2007-4930,"Multiple cross-site request forgery (CSRF) vulnerabilities in the AXIS 207W camera allow remote attackers to perform certain actions as administrators via (1) axis-cgi/admin/restart.cgi, (2) the user and sgrp parameters to axis-cgi/admin/pwdgrp.cgi in an add action, or (3) the server parameter to admin/restartMessage.shtml.",2007-09-18T18:17:00.000,N/A,Unknown
CVE-2007-5212,"Multiple cross-site scripting (XSS) vulnerabilities in the AXIS 2100 Network Camera 2.02 with firmware before 2.43 allow remote attackers to inject arbitrary web script or HTML via (1) parameters associated with saved settings, as demonstrated by the conf_SMTP_MailServer1 parameter to ServerManager.srv; or (2) the subpage parameter to wizard/first/wizard_main_first.shtml.  NOTE: an attacker can leverage a CSRF vulnerability to modify saved settings.",2007-10-04T23:17:00.000,N/A,Unknown
CVE-2007-5213,"Multiple cross-site request forgery (CSRF) vulnerabilities in the AXIS 2100 Network Camera 2.02 with firmware 2.43 and earlier allow remote attackers to perform actions as administrators, as demonstrated by (1) an SMTP server change through the conf_SMTP_MailServer1 parameter to ServerManager.srv and (2) a hostname change through the conf_Network_HostName parameter on the Network page.",2007-10-04T23:17:00.000,N/A,Unknown
CVE-2007-5214,"Multiple cross-site scripting (XSS) vulnerabilities in the AXIS 2100 Network Camera 2.02 with firmware 2.43 and earlier allow remote attackers to inject arbitrary web script or HTML via (1) the PATH_INFO to the default URI associated with a directory, as demonstrated by (a) the root directory and (b) the view/ directory; (2) parameters associated with saved settings, as demonstrated by (c) the conf_Network_HostName parameter on the Network page and (d) the conf_Layout_OwnTitle parameter to ServerManager.srv; and (3) the query string to ServerManager.srv, which is displayed on the logs page. NOTE: an attacker can leverage a CSRF vulnerability to modify saved settings.",2007-10-04T23:17:00.000,N/A,Unknown
CVE-2008-0987,"Stack-based buffer overflow in Image Raw in Apple Mac OS X 10.5.2, and Digital Camera RAW Compatibility before Update 2.0 for Aperture 2 and iPhoto 7.1.2, allows remote attackers to execute arbitrary code via a crafted Adobe Digital Negative (DNG) image.",2008-03-18T23:44:00.000,N/A,Unknown
CVE-2008-3355,SQL injection vulnerability in sitemap.xml.php in Camera Life 2.6.2 allows remote attackers to execute arbitrary SQL commands via the id parameter in a photos action.,2008-07-28T17:41:00.000,N/A,Unknown
CVE-2008-3482,"Cross-site scripting (XSS) vulnerability in the error page feature in Panasonic Network Camera BL-C111, BL-C131, BB-HCM511, BB-HCM531, BB-HCM580, BB-HCM581, BB-HCM527, and BB-HCM515 allows remote attackers to inject arbitrary web script or HTML via unspecified vectors.",2008-08-05T20:41:00.000,N/A,Unknown
CVE-2008-4366,"Unrestricted file upload vulnerability in the image upload component in Camera Life 2.6.2b4 allows remote authenticated users to execute arbitrary code by uploading a file with an executable extension, then accessing it via a direct request to the file in a user directory under images/photos/upload.",2008-09-30T23:24:53.683,N/A,Unknown
CVE-2008-4503,"The Settings Manager in Adobe Flash Player 9.0.124.0 and earlier allows remote attackers to cause victims to unknowingly click on a link or dialog via access control dialogs disguised as normal graphical elements, as demonstrated by hijacking the camera or microphone, and related to ""clickjacking.""",2008-10-09T18:00:01.877,N/A,Unknown
CVE-2008-4390,"The Cisco Linksys WVC54GC wireless video camera before firmware 1.25 sends cleartext configuration data in response to a Setup Wizard remote-management command, which allows remote attackers to obtain sensitive information such as passwords by sniffing the network.",2008-12-09T00:30:00.237,7.5,Unknown
CVE-2008-4391,Stack-based buffer overflow in the SetSource method in the NetCamPlayerWeb11gv2 ActiveX control in NetCamPlayerWeb11gv2.ocx on the Cisco Linksys WVC54GC wireless video camera before firmware 1.25 allows remote attackers to execute arbitrary code via long invalid arguments.,2008-12-09T00:30:00.267,N/A,Unknown
CVE-2008-5260,Heap-based buffer overflow in the CamImage.CamImage.1 ActiveX control in AxisCamControl.ocx in AXIS Camera Control 2.40.0.0 allows remote attackers to execute arbitrary code via a long image_pan_tilt property value.,2009-01-26T15:30:00.267,N/A,Unknown
CVE-2008-6086,"SQL injection vulnerability in album.php in Camera Life 2.6.2b4 allows remote attackers to execute arbitrary SQL commands via the id parameter, a different vector than CVE-2008-3355.",2009-02-06T19:30:00.437,N/A,Unknown
CVE-2008-6087,Cross-site scripting (XSS) vulnerability in topic.php in Camera Life 2.6.2b4 allows remote attackers to inject arbitrary web script or HTML via the name parameter.,2009-02-06T19:30:00.453,N/A,Unknown
CVE-2008-6295,Multiple cross-site scripting (XSS) vulnerabilities in Camera Life 2.6.2b8 allow remote attackers to inject arbitrary web script or HTML via the q parameter to (1) search.php and (2) rss.php; the query string after the image name in (3) photos/photo; the path parameter to (4) folder.php; page parameter and REQUEST_URI to (5) login.php; ver parameter to (6) media.php; theme parameter to (7) modules/iconset/iconset-debug.php; and the REQUEST_URI to (8) index.php.,2009-02-26T16:17:19.657,N/A,Unknown
CVE-2009-1555,"The Cisco Linksys WVC54GCA wireless video camera with firmware 1.00R22 and 1.00R24 sends configuration data in response to a Setup Wizard remote-management command, which allows remote attackers to obtain sensitive information such as passwords by reading the SetupWizard.exe process memory, a related issue to CVE-2008-4390.",2009-05-06T16:30:00.577,N/A,Unknown
CVE-2009-1556,"img/main.cgi on the Cisco Linksys WVC54GCA wireless video camera with firmware 1.00R22 and 1.00R24 allows remote authenticated users to read arbitrary files in img/ via a filename in the next_file parameter, as demonstrated by reading .htpasswd to obtain the admin password, a different vulnerability than CVE-2004-2507.",2009-05-06T16:30:00.593,N/A,Unknown
CVE-2009-1557,"Multiple cross-site scripting (XSS) vulnerabilities on the Cisco Linksys WVC54GCA wireless video camera with firmware 1.00R22 and 1.00R24 allow remote attackers to inject arbitrary web script or HTML via the next_file parameter to (1) main.cgi, (2) img/main.cgi, or (3) adm/file.cgi; or (4) the this_file parameter to adm/file.cgi.",2009-05-06T16:30:00.610,N/A,Unknown
CVE-2009-1558,Directory traversal vulnerability in adm/file.cgi on the Cisco Linksys WVC54GCA wireless video camera with firmware 1.00R22 and 1.00R24 allows remote attackers to read arbitrary files via a %2e. (encoded dot dot) or an absolute pathname in the next_file parameter.,2009-05-06T16:30:00.627,N/A,Unknown
CVE-2009-1559,Absolute path traversal vulnerability in adm/file.cgi on the Cisco Linksys WVC54GCA wireless video camera with firmware 1.00R24 and possibly 1.00R22 allows remote attackers to read arbitrary files via an absolute pathname in the this_file parameter.  NOTE: traversal via a .. (dot dot) is probably also possible.,2009-05-06T16:30:00.657,N/A,Unknown
CVE-2009-1560,"The Cisco Linksys WVC54GCA wireless video camera with firmware 1.00R22 and 1.00R24 stores passwords and wireless-network keys in cleartext in (1) pass_wd.htm and (2) Wsecurity.htm, which allows remote attackers to obtain sensitive information by reading the HTML source code.",2009-05-06T16:30:00.687,N/A,Unknown
CVE-2009-2046,"The embedded web server on the Cisco Video Surveillance 2500 Series IP Camera with firmware before 2.1 allows remote attackers to read arbitrary files via a (1) http or (2) https request, related to the (a) SD Camera Web Server and the (b) Wireless Camera HTTP Server, aka Bug IDs CSCsu05515 and CSCsr96497.",2009-06-25T01:30:01.797,N/A,Unknown
CVE-2009-2305,The ARD-9808 DVR card security camera allows remote attackers to cause a denial of service via a long URI composed of //.\ (slash slash dot backslash) sequences.,2009-07-02T10:30:00.530,N/A,Unknown
CVE-2009-2306,"The ARD-9808 DVR card security camera stores sensitive information under the web root with insufficient access control, which allows remote attackers to download a file containing usernames and passwords via a direct request for dvr.ini.",2009-07-02T10:30:00.547,N/A,Unknown
CVE-2009-2348,Android 1.5 CRBxx allows local users to bypass the (1) Manifest.permission.CAMERA (aka android.permission.CAMERA) and (2) Manifest.permission.AUDIO_RECORD (aka android.permission.RECORD_AUDIO) configuration settings by installing and executing an application that does not make a permission request before using the camera or microphone.,2009-07-17T16:30:00.953,N/A,Unknown
CVE-2009-1728,"Stack-based buffer overflow in Image RAW in Apple Mac OS X 10.5 before 10.5.8, and 10.4 before Digital Camera RAW Compatibility Update 2.6, allows remote attackers to execute arbitrary code or cause a denial of service (application crash) via a crafted Canon RAW image.",2009-08-06T16:30:00.313,N/A,Unknown
CVE-2008-6993,"Siemens Gigaset WLAN Camera 1.27 has an insecure default password, which allows remote attackers to conduct unauthorized activities. NOTE: the provenance of this information is unknown; the details are obtained solely from third party information.",2009-08-19T05:24:52.657,N/A,Mirai
CVE-2010-0593,"The Cisco RVS4000 4-port Gigabit Security Router before 1.3.2.0, PVC2300 Business Internet Video Camera before 1.1.2.6, WVC200 Wireless-G PTZ Internet Video Camera before 1.1.1.15, WVC210 Wireless-G PTZ Internet Video Camera before 1.1.1.15, and WVC2300 Wireless-G Business Internet Video Camera before 1.1.2.6 do not properly restrict read access to passwords, which allows context-dependent attackers to obtain sensitive information, related to (1) access by remote authenticated users to a PVC2300 or WVC2300 via a crafted URL, (2) leveraging setup privileges on a WVC200 or WVC210, and (3) leveraging administrative privileges on an RVS4000, aka Bug ID CSCte64726.",2010-04-22T14:30:00.853,N/A,Unknown
CVE-2010-4027,Unspecified vulnerability in the camera application in HP Palm webOS 1.4.1 allows local users to overwrite arbitrary files via unknown vectors.,2010-10-28T20:00:03.233,N/A,Unknown
CVE-2010-4230,Stack-based buffer overflow in a certain ActiveX control for the Camtron CMNC-200 Full HD IP Camera and TecVoz CMNC-200 Megapixel IP Camera with firmware 1.102A-008 allows remote attackers to execute arbitrary code via a long string in the first argument to the connect method.,2010-11-17T01:00:03.793,N/A,Unknown
CVE-2010-4231,Directory traversal vulnerability in the web-based administration interface on the Camtron CMNC-200 Full HD IP Camera and TecVoz CMNC-200 Megapixel IP Camera with firmware 1.102A-008 allows remote attackers to read arbitrary files via a .. (dot dot) in the URI.,2010-11-17T01:00:03.857,N/A,Unknown
CVE-2010-4232,"The web-based administration interface on the Camtron CMNC-200 Full HD IP Camera and TecVoz CMNC-200 Megapixel IP Camera with firmware 1.102A-008 allows remote attackers to bypass authentication via a // (slash slash) at the beginning of a URI, as demonstrated by the //system.html URI.",2010-11-17T01:00:03.903,N/A,Unknown
CVE-2010-4233,"The Linux installation on the Camtron CMNC-200 Full HD IP Camera and TecVoz CMNC-200 Megapixel IP Camera with firmware 1.102A-008 has a default password of m for the root account, and a default password of merlin for the mg3500 account, which makes it easier for remote attackers to obtain access via the TELNET interface.",2010-11-17T01:00:03.963,N/A,Mirai
CVE-2010-4234,The web server on the Camtron CMNC-200 Full HD IP Camera and TecVoz CMNC-200 Megapixel IP Camera with firmware 1.102A-008 allows remote attackers to cause a denial of service (device reboot) via a large number of requests in a short time interval.,2010-11-17T01:00:04.010,N/A,Unknown
CVE-2010-4964,"recorder_test.cgi on the D-Link DCS-2121 camera with firmware 1.04 allows remote attackers to execute arbitrary commands via shell metacharacters in the Password field, related to a ""semicolon injection"" vulnerability.",2011-10-16T18:55:01.010,N/A,Unknown
CVE-2010-4965,"/etc/rc.d/rc.local on the D-Link DCS-2121 camera with firmware 1.04 configures a hardcoded password of admin for the root account, which makes it easier for remote attackers to obtain shell access by leveraging a running telnetd server.",2011-10-16T18:55:01.090,N/A,Mirai
CVE-2011-3318,"Cisco Video Surveillance 2421 and 2500 series cameras with software 1.1.x and 2.x before 2.4.0 and Video Surveillance 2600 series cameras with software before 4.2.0-13 allow remote attackers to cause a denial of service (device reload) by sending crafted RTSP packets over TCP, aka Bug IDs CSCtj96312, CSCtj39462, and CSCtl80175.",2011-10-27T21:55:00.963,N/A,Unknown
CVE-2012-3562,"Opera before 12.00 Beta allows user-assisted remote attackers to cause a denial of service (application crash) via a crafted web page that is not properly handled during a reload, as demonstrated by a ""multiple origin camera test"" page.",2012-06-14T19:55:01.750,N/A,Unknown
CVE-2012-0284,Stack-based buffer overflow in the SetSource method in the Cisco Linksys PlayerPT ActiveX control 1.0.0.15 in PlayerPT.ocx on the Cisco WVC200 Wireless-G PTZ Internet video camera allows remote attackers to execute arbitrary code via a long URL in the first argument (aka the sURL argument).,2012-07-19T15:55:02.673,N/A,Unknown
CVE-2012-4876,Stack-based buffer overflow in the UltraMJCam ActiveX Control in TRENDnet SecurView TV-IP121WN Wireless Internet Camera allows remote attackers to execute arbitrary code via a long string to the OpenFileDlg method.,2012-09-06T21:55:03.207,N/A,Unknown
CVE-2012-3739,The Passcode Lock implementation in Apple iOS before 6 allows physically proximate attackers to bypass an intended passcode requirement via vectors involving use of the camera.,2012-09-20T21:55:04.187,N/A,Unknown
CVE-2012-5306,"Stack-based buffer overflow in the SelectDirectory method in DcsCliCtrl.dll in Camera Stream Client ActiveX Control, as used in D-Link DCS-5605 PTZ IP Network Camera, allows remote attackers to cause a denial of service (crash) and possibly execute arbitrary code via a long string argument.",2012-10-06T22:55:02.307,N/A,Unknown
CVE-2012-5679,Buffer underflow in Adobe Photoshop Camera Raw before 7.3 allows attackers to execute arbitrary code via unspecified vectors.,2012-12-13T11:53:49.227,N/A,Unknown
CVE-2012-5680,Buffer overflow in Adobe Photoshop Camera Raw before 7.3 allows attackers to execute arbitrary code via unspecified vectors.,2012-12-13T11:53:49.260,N/A,Unknown
CVE-2012-3002,"The web interface on (1) Foscam and (2) Wansview IP cameras allows remote attackers to bypass authentication, and perform administrative functions or read the admin password, via a direct request to an unspecified URL.",2012-12-21T11:47:36.363,N/A,Unknown
CVE-2012-4046,"The D-Link DCS-932L camera with firmware 1.02 allows remote attackers to discover the password via a UDP broadcast packet, as demonstrated by running the D-Link Setup Wizard and reading the _paramR[""P""] value.",2012-12-24T18:55:02.040,N/A,Unknown
CVE-2011-5261,Cross-site scripting (XSS) vulnerability in serverreport.cgi in Axis M10 Series Network Cameras M1054 firmware 5.21 and earlier allows remote attackers to inject arbitrary web script or HTML via the pageTitle parameter to admin/showReport.shtml.,2013-02-12T20:55:03.730,N/A,Unknown
CVE-2013-0139,The Arecont Vision AV1355DN MegaDome camera allows remote attackers to cause a denial of service (video-capture outage) via a packet to UDP port 69.,2013-04-18T18:55:03.827,N/A,Unknown
CVE-2013-2866,"The Flash plug-in in Google Chrome before 27.0.1453.116, as used on Google Chrome OS before 27.0.1453.116 and separately, does not properly determine whether a user wishes to permit camera or microphone access by a Flash application, which allows remote attackers to obtain sensitive information from a machine's physical environment via a clickjacking attack, as demonstrated by an attack using a crafted Cascading Style Sheets (CSS) opacity property.",2013-06-19T20:55:01.303,N/A,Unknown
CVE-2013-1698,"The getUserMedia permission implementation in Mozilla Firefox before 22.0 references the URL of a top-level document instead of the URL of a specific page, which makes it easier for remote attackers to trick users into permitting camera or microphone access via a crafted web site that uses IFRAME elements.",2013-06-26T03:19:10.927,N/A,Unknown
CVE-2012-3913,"The Cisco VC220 and VC240 cameras allow remote attackers to cause a denial of service (WebUI outage) via crafted packets, aka Bug IDs CSCtf73188, CSCtf88059, CSCtf87951, CSCtf87908, and CSCtf88019.",2013-08-01T13:32:30.360,N/A,Unknown
CVE-2013-5161,"Passcode Lock in Apple iOS before 7.0.2 does not properly manage the lock state, which allows physically proximate attackers to bypass an intended passcode requirement, and open the Camera app or read the list of all recently opened apps, by leveraging unspecified transition errors.",2013-09-28T03:40:55.433,N/A,Unknown
CVE-2013-3539,"Cross-site request forgery (CSRF) vulnerability in the command/user.cgi in Sony SNC CH140, SNC CH180, SNC CH240, SNC CH280, SNC DH140, SNC DH140T, SNC DH180, SNC DH240, SNC DH240T, SNC DH280, and possibly other camera models allows remote attackers to hijack the authentication of administrators for requests that add users.",2013-10-01T19:55:03.507,N/A,Unknown
CVE-2013-3688,"The TP-Link IP Cameras TL-SC3171, TL-SC3130, TL-SC3130G, TL-SC3171G, and possibly other models before beta firmware LM.1.6.18P12_sign6, does not properly restrict access to certain administrative functions, which allows remote attackers to (1) cause a denial of service (device reboot) via a request to cgi-bin/reboot or (2) cause a denial of service (reboot and reset to factory defaults) via a request to cgi-bin/hardfactorydefault.",2013-10-01T19:55:09.367,N/A,Unknown
CVE-2013-3690,"Cross-site request forgery (CSRF) vulnerability in cgi-bin/users.cgi in Brickcom FB-100Ap, WCB-100Ap, MD-100Ap, WFB-100Ap, OB-100Ae, OSD-040E, and possibly other camera models with firmware 3.1.0.8 and earlier, allows remote attackers to hijack the authentication of administrators for requests that add users.",2013-10-01T19:55:09.397,N/A,Unknown
CVE-2013-3962,"Cross-site scripting (XSS) vulnerability in Grandstream GXV3501, GXV3504, GXV3601, GXV3601HD/LL, GXV3611HD/LL, GXV3615W/P, GXV3651FHD, GXV3662HD, GXV3615WP_HD, GXV3500, and possibly other camera models before firmware 1.0.4.44, allows remote attackers to inject arbitrary web script or HTML via the PATH_INFO.",2013-10-01T19:55:09.427,N/A,Unknown
CVE-2013-3963,"Cross-site request forgery (CSRF) vulnerability in goform/usermanage in Grandstream GXV3501, GXV3504, GXV3601, GXV3601HD/LL, GXV3611HD/LL, GXV3615W/P, GXV3651FHD, GXV3662HD, GXV3615WP_HD, GXV3500, and possibly other camera models allows remote attackers to hijack the authentication of unspecified victims for requests that add users.",2013-10-01T19:55:09.443,N/A,Unknown
CVE-2013-3540,"Cross-site request forgery (CSRF) vulnerability in cgi-bin/admin/usrgrp.cgi in AirLive POE2600HD, POE250HD, POE200HD, OD-325HD, OD-2025HD, OD-2060HD, POE100HD, and possibly other camera models allows remote attackers to hijack the authentication of administrators for requests that add users.",2013-10-04T23:55:03.830,N/A,Unknown
CVE-2013-3541,Directory traversal vulnerability in cgi-bin/admin/fileread in AirLive WL2600CAM and possibly other camera models allows remote attackers to read arbitrary files via a .. (dot dot) in the READ.filePath parameter.,2013-10-04T23:55:03.877,N/A,Unknown
CVE-2013-3543,"The AXIS Media Control (AMC) ActiveX control (AxisMediaControlEmb.dll) 6.2.10.11 for AXIS network cameras allows remote attackers to create or overwrite arbitrary files via a file path to the (1) StartRecord, (2) SaveCurrentImage, or (3) StartRecordMedia methods.",2013-10-04T23:55:03.923,N/A,Unknown
CVE-2013-3689,"Brickcom FB-100Ap, WCB-100Ap, MD-100Ap, WFB-100Ap, OB-100Ae, OSD-040E, and possibly other camera models with firmware 3.0.6.16C1 and earlier, do not properly restrict access to configfile.dump, which allow remote attackers to obtain sensitive information (user names, passwords, and configurations) via a get action.",2013-10-04T23:55:03.970,N/A,Unknown
CVE-2013-2578,"cgi-bin/admin/servetest in TP-Link IP Cameras TL-SC3130, TL-SC3130G, TL-SC3171, TL-SC3171G, and possibly other models before beta firmware LM.1.6.18P12_sign6 allows remote attackers to execute arbitrary commands via shell metacharacters in (1) the ServerName parameter and (2) other unspecified parameters.",2013-10-11T21:55:41.887,N/A,Unknown
CVE-2013-2579,"TP-Link IP Cameras TL-SC3130, TL-SC3130G, TL-SC3171, TL-SC3171G, and possibly other models before beta firmware LM.1.6.18P12_sign6 have an empty password for the hardcoded ""qmik"" account, which allows remote attackers to obtain administrative access via a TELNET session.",2013-10-11T21:55:44.167,N/A,Mirai
CVE-2013-2580,"Unrestricted file upload vulnerability in cgi-bin/uploadfile in TP-Link IP Cameras TL-SC3130, TL-SC3130G, TL-SC3171, TL-SC3171G, and possibly other models before beta firmware LM.1.6.18P12_sign6, allows remote attackers to upload arbitrary files, then accessing it via a direct request to the file in the mnt/mtd directory.",2013-10-11T21:55:44.183,N/A,Unknown
CVE-2013-2581,"cgi-bin/firmwareupgrade in TP-Link IP Cameras TL-SC3130, TL-SC3130G, TL-SC3171, TL-SC3171G, and possibly other models before beta firmware LM.1.6.18P12_sign6 allows remote attackers to modify the firmware revision via a ""preset"" action.",2013-10-11T21:55:44.213,N/A,Unknown
CVE-2013-3686,cgi-bin/operator/param in AirLive WL2600CAM and possibly other camera models allows remote attackers to obtain the administrator password via a list action.,2013-10-11T21:55:44.230,N/A,Unknown
CVE-2013-3687,"AirLive POE2600HD, POE250HD, POE200HD, OD-325HD, OD-2025HD, OD-2060HD, POE100HD, and possibly other camera models use cleartext to store sensitive information, which allows attackers to obtain passwords, user names, and other sensitive information by reading an unspecified backup file.",2013-10-11T21:55:44.247,N/A,Unknown
CVE-2013-5535,"The analytics page on Cisco Video Surveillance 4000 IP cameras has hardcoded credentials, which allows remote attackers to watch the video feed by leveraging knowledge of the password, aka Bug IDs CSCuj70402 and CSCuj70419.",2013-10-16T10:52:45.307,N/A,Unknown
CVE-2013-5144,"Passcode Lock in Apple iOS before 7.0.3 on iPhone devices allows physically proximate attackers to bypass an intended passcode requirement, and dial arbitrary telephone numbers, by tapping the emergency-call button during a certain notification and camera-pane state to trigger a NULL pointer dereference.",2013-10-24T03:48:48.910,N/A,Unknown
CVE-2013-5215,"Cross-site scripting (XSS) vulnerability in the web interface ""WiFi scan"" option in FOSCAM Wireless IP Cameras allows remote attackers to inject arbitrary web script or HTML via the SSID.",2013-11-20T13:19:42.350,N/A,Unknown
CVE-2013-6123,"Multiple array index errors in drivers/media/video/msm/server/msm_cam_server.c in the MSM camera driver for the Linux kernel 3.x, as used in Qualcomm Innovation Center (QuIC) Android contributions for MSM devices and other products, allow attackers to gain privileges by leveraging camera device-node access, related to the (1) msm_ctrl_cmd_done, (2) msm_ioctl_server, and (3) msm_server_send_ctrl functions.",2014-01-14T04:29:56.923,N/A,Unknown
CVE-2013-7204,Cross-site request forgery (CSRF) vulnerability in set_users.cgi in Conceptronic CIPCAMPTIWL Camera 1.0 with firmware 21.37.2.49 allows remote attackers to hijack the authentication of administrators for requests that add arbitrary users.,2014-01-17T15:18:02.683,N/A,Unknown
CVE-1999-1466,"Vulnerability in Cisco routers versions 8.2 through 9.1 allows remote attackers to bypass access control lists when extended IP access lists are used on certain interfaces, the IP route cache is enabled, and the access list uses the ""established"" keyword.",1992-12-10T05:00:00.000,N/A,Unknown
CVE-1999-1216,"Cisco routers 9.17 and earlier allow remote attackers to bypass security restrictions via certain IP source routed packets that should normally be denied using the ""no ip source-route"" command.",1993-04-22T04:00:00.000,N/A,Unknown
CVE-1999-0510,A router or firewall allows source routed packets from arbitrary hosts.,1997-01-01T05:00:00.000,N/A,Unknown
CVE-1999-0511,IP forwarding is enabled on a machine which is not a router or firewall.,1997-01-01T05:00:00.000,N/A,Unknown
CVE-1999-0550,A router's routing tables can be obtained from arbitrary hosts.,1997-01-01T05:00:00.000,N/A,Unknown
CVE-1999-1141,Ascom Timeplex router allows remote attackers to obtain sensitive information or conduct unauthorized activities by entering debug mode through a sequence of CTRL-D characters.,1997-05-15T04:00:00.000,N/A,Unknown
CVE-1999-0193,"Denial of service in Ascend and 3com routers, which can be rebooted by sending a zero length TCP option.",1997-12-01T05:00:00.000,N/A,Unknown
CVE-1999-0230,Buffer overflow in Cisco 7xx routers through the telnet service.,1997-12-15T05:00:00.000,N/A,Mirai
CVE-1999-0060,"Attackers can cause a denial of service in Ascend MAX and Pipeline routers with a malformed packet to the discard port, which is used by the Java Configurator tool.",1998-03-16T05:00:00.000,N/A,Unknown
CVE-1999-0507,"An account on a router, firewall, or other network device has a guessable password.",1998-04-01T05:00:00.000,N/A,Unknown
CVE-1999-0816,The Motorola CableRouter allows any remote user to connect to and configure the router on port 1024.,1998-05-10T04:00:00.000,N/A,Unknown
CVE-1999-0508,"An account on a router, firewall, or other network device has a default, null, blank, or missing password.",1998-06-01T04:00:00.000,N/A,Unknown
CVE-1999-1150,"Livingston Portmaster routers running ComOS use the same initial sequence number (ISN) for TCP connections, which allows remote attackers to conduct spoofing and hijack TCP sessions.",1998-06-30T04:00:00.000,N/A,Unknown
CVE-1999-0159,"Attackers can crash a Cisco IOS router or device, provided they can get to an interactive prompt (such as a login).  This applies to some IOS 9.x, 10.x, and 11.x releases.",1998-08-12T04:00:00.000,3.5,Unknown
CVE-1999-0792,ROUTERmate has a default SNMP community name which allows remote attackers to modify its configuration.,1998-09-01T04:00:00.000,N/A,Unknown
CVE-1999-0528,A router or firewall forwards external packets that claim to come from inside the network that the router/firewall is in front of.,1999-01-01T05:00:00.000,N/A,Unknown
CVE-1999-0529,"A router or firewall forwards packets that claim to come from IANA reserved or private addresses, e.g. 10.x.x.x, 127.x.x.x, 217.x.x.x, etc.",1999-01-01T05:00:00.000,N/A,Unknown
CVE-1999-0571,A router's configuration service or management interface (such as a web server or telnet) is configured to allow connections from arbitrary hosts.,1999-01-01T05:00:00.000,N/A,Mirai
CVE-1999-0588,A filter in a router or firewall allows unusual fragmented packets.,1999-01-01T05:00:00.000,N/A,Unknown
CVE-1999-1264,"WebRamp M3 router does not disable remote telnet or HTTP access to itself, even when access has been explicitly disabled.",1999-01-21T05:00:00.000,N/A,Mirai
CVE-1999-0221,Denial of service of Ascend routers through port 150 (remote administration).,1999-03-01T05:00:00.000,N/A,Unknown
CVE-1999-0222,Denial of service in Cisco IOS web server allows attackers to reboot the router using a long URL.,1999-03-01T05:00:00.000,N/A,Unknown
CVE-1999-1254,"Windows 95, 98, and NT 4.0 allow remote attackers to cause a denial of service by spoofing ICMP redirect messages from a router, which causes Windows to change its routing tables.",1999-03-08T05:00:00.000,N/A,Unknown
CVE-1999-0415,"The HTTP server in Cisco 7xx series routers 3.2 through 4.2 is enabled by default, which allows remote attackers to change the router's configuration.",1999-03-11T05:00:00.000,N/A,Unknown
CVE-1999-0416,Vulnerability in Cisco 7xx series routers allows a remote attacker to cause a system reload via a TCP connection to the router's TELNET port.,1999-03-11T05:00:00.000,N/A,Mirai
CVE-1999-0445,"In Cisco routers under some versions of IOS 12.0 running NAT, some packets may not be filtered by input access list filters.",1999-04-01T05:00:00.000,N/A,Unknown
CVE-1999-0775,"Cisco Gigabit Switch routers running IOS allow remote attackers to forward unauthorized packets due to improper handling of the ""established"" keyword in an access list.",1999-06-10T04:00:00.000,N/A,Unknown
CVE-1999-0889,Cisco 675 routers running CBOS allow remote attackers to establish telnet sessions if an exec or superuser password has not been set.,1999-07-01T04:00:00.000,N/A,Mirai
CVE-1999-1524,"FlowPoint DSL router firmware versions prior to 3.0.8 allows a remote attacker to exploit a password recovery feature from the network and conduct brute force password guessing, instead of limiting the feature to the serial console port.",1999-08-07T04:00:00.000,N/A,Unknown
CVE-1999-0875,DHCP clients with ICMP Router Discovery Protocol (IRDP) enabled allow remote attackers to modify their default routes.,1999-08-11T04:00:00.000,N/A,Unknown
CVE-1999-1336,3Com HiPer Access Router Card (HiperARC) 4.0 through 4.2.29 allows remote attackers to cause a denial of service (reboot) via a flood of IAC packets to the telnet port.,1999-08-12T04:00:00.000,N/A,Mirai
CVE-1999-0843,Denial of service in Cisco routers running NAT via a PORT command from an FTP client to a Telnet port.,1999-11-04T05:00:00.000,N/A,Mirai
CVE-1999-1548,Cabletron SmartSwitch Router (SSR) 8000 firmware 2.x can only handle 200 ARP requests per second allowing a denial of service attack to succeed with a flood of ARP requests exceeding that limit.,1999-11-24T05:00:00.000,N/A,Unknown
CVE-1999-1464,"Vulnerability in Cisco IOS 11.1CC and 11.1CT with distributed fast switching (DFS) enabled allows remote attackers to bypass certain access control lists when the router switches traffic from a DFS-enabled interface to an interface that does not have DFS enabled, as described by Cisco bug CSCdk35564.",1999-12-31T05:00:00.000,N/A,Unknown
CVE-1999-1465,"Vulnerability in Cisco IOS 11.1 through 11.3 with distributed fast switching (DFS) enabled allows remote attackers to bypass certain access control lists when the router switches traffic from a DFS-enabled input interface to an output interface with a logical subinterface, as described by Cisco bug CSCdk43862.",1999-12-31T05:00:00.000,N/A,Unknown
CVE-2000-0255,The Nbase-Xyplex EdgeBlaster router allows remote attackers to cause a denial of service via a scan for the FormMail CGI program.,2000-04-05T04:00:00.000,N/A,Unknown
CVE-2000-0380,The IOS HTTP service in Cisco routers and switches running IOS 11.1 through 12.1 allows remote attackers to cause a denial of service by requesting a URL that contains a %% string.,2000-04-26T04:00:00.000,N/A,Unknown
CVE-2000-0345,"The on-line help system options in Cisco routers allows non-privileged users without ""enabled"" access to obtain sensitive information via the show command.",2000-05-03T04:00:00.000,N/A,Unknown
CVE-2000-0379,"The Netopia R9100 router does not prevent authenticated users from modifying SNMP tables, even if the administrator has configured it to do so.",2000-05-16T04:00:00.000,N/A,Unknown
CVE-2000-0417,The HTTP administration interface to the Cayman 3220-H DSL router allows remote attackers to cause a denial of service via a long username or password.,2000-05-17T04:00:00.000,N/A,Unknown
CVE-2000-0451,The Intel express 8100 ISDN router allows remote attackers to cause a denial of service via oversized or fragmented ICMP packets.,2000-05-19T04:00:00.000,N/A,Unknown
CVE-2000-0418,The Cayman 3220-H DSL router allows remote attackers to cause a denial of service via oversized ICMP echo (ping) requests.,2000-05-23T04:00:00.000,N/A,Unknown
CVE-2000-0568,"Sybergen Secure Desktop 2.1 does not properly protect against false router advertisements (ICMP type 9), which allows remote attackers to modify default routes.",2000-06-30T04:00:00.000,N/A,Unknown
CVE-2000-0700,"Cisco Gigabit Switch Routers (GSR) with Fast Ethernet / Gigabit Ethernet cards, from IOS versions 11.2(15)GS1A up to 11.2(19)GS0.2 and some versions of 12.0, do not properly handle line card failures, which allows remote attackers to bypass ACLs or force the interface to stop forwarding packets.",2000-10-20T04:00:00.000,N/A,Unknown
CVE-2001-1037,Cisco SN 5420 Storage Router 1.1(3) and earlier allows local users to access a developer's shell without a password and execute certain restricted commands without being logged.,2001-01-08T05:00:00.000,N/A,Unknown
CVE-2000-1179,Netopia ISDN Router 650-ST before 4.3.5 allows remote attackers to read system logs without authentication by directly connecting to the login screen and typing certain control characters.,2001-01-09T05:00:00.000,N/A,Unknown
CVE-2001-0055,CBOS 2.4.1 and earlier in Cisco 600 routers allows remote attackers to cause a denial of service via a slow stream of TCP SYN packets.,2001-02-16T05:00:00.000,N/A,Unknown
CVE-2001-0056,"The Cisco Web Management interface in routers running CBOS 2.4.1 and earlier does not log invalid logins, which allows remote attackers to guess passwords without detection.",2001-02-16T05:00:00.000,N/A,Unknown
CVE-2001-0057,Cisco 600 routers running CBOS 2.4.1 and earlier allow remote attackers to cause a denial of service via a large ICMP echo (ping) packet.,2001-02-16T05:00:00.000,N/A,Unknown
CVE-2001-0058,The Web interface to Cisco 600 routers running CBOS 2.4.1 and earlier allow remote attackers to cause a denial of service via a URL that does not end in a space character.,2001-02-16T05:00:00.000,N/A,Unknown
CVE-2001-0185,"Netopia R9100 router version 4.6 allows authenticated users to cause a denial of service by using the router's telnet program to connect to the router's IP address, which causes a crash.",2001-03-26T05:00:00.000,N/A,Mirai
CVE-2001-0288,"Cisco switches and routers running IOS 12.1 and earlier produce predictable TCP Initial Sequence Numbers (ISNs), which allows remote attackers to spoof or hijack TCP connections.",2001-05-03T04:00:00.000,N/A,Unknown
CVE-2001-1430,"Cayman 3220-H DSL Router 1.0 ship without a password set, which allows remote attackers to gain unauthorized access.",2001-06-11T04:00:00.000,N/A,Unknown
CVE-2001-0413,"BinTec X4000 Access router, and possibly other versions, allows remote attackers to cause a denial of service via a SYN port scan, which causes the router to hang.",2001-06-18T04:00:00.000,N/A,Unknown
CVE-2001-0444,"Cisco CBOS 2.3.0.053 sends output of the ""sh nat"" (aka ""show nat"") command to the terminal of the next user who attempts to connect to the router via telnet, which could allow that user to obtain sensitive information.",2001-07-02T04:00:00.000,N/A,Mirai
CVE-2001-1038,Cisco SN 5420 Storage Router 1.1(3) and earlier allows remote attackers to cause a denial of service (reboot) via a series of connections to TCP port 8023.,2001-07-11T04:00:00.000,N/A,Unknown
CVE-2001-1097,Cisco routers and switches running IOS 12.0 through 12.2.1 allows a remote attacker to cause a denial of service via a flood of UDP packets.,2001-07-24T04:00:00.000,N/A,Unknown
CVE-2001-1117,LinkSys EtherFast BEFSR41 Cable/DSL routers running firmware before 1.39.3 Beta allows a remote attacker to view administration and user passwords by connecting to the router and viewing the HTML source for (1) index.htm and (2) Password.htm.,2001-08-10T04:00:00.000,N/A,Unknown
CVE-2001-1135,"ZyXEL Prestige 642R and 642R-I routers do not filter the routers' Telnet and FTP ports on the external WAN interface from inside access, allowing someone on an internal computer to reconfigure the router, if the password is known.",2001-08-14T04:00:00.000,N/A,Mirai
CVE-2001-0617,Allied Telesyn AT-AR220e cable/DSL router firmware 1.08a RC14 with the portmapper and the 'Virtual Server' enabled can allow a remote attacker to gain access to mapped services even though the single portmappings may be disabled.,2001-08-22T04:00:00.000,N/A,Unknown
CVE-2001-1064,"Cisco 600 series routers running CBOS 2.0.1 through 2.4.2ap allows remote attackers to cause a denial of service via multiple connections to the router on the (1) HTTP or (2) telnet service, which causes the router to become unresponsive and stop forwarding packets.",2001-08-31T04:00:00.000,N/A,Mirai
CVE-2001-1065,"Web-based configuration utility in Cisco 600 series routers running CBOS 2.0.1 through 2.4.2ap binds itself to port 80 even when web-based configuration services are disabled, which could leave the router open to attack.",2001-08-31T04:00:00.000,N/A,Unknown
CVE-2001-0740,"3COM OfficeConnect 812 and 840 ADSL Router 4.2, running OCR812 router software 1.1.9 and earlier, allows remote attackers to cause a denial of service via a long string containing a large number of ""%s"" strings, possibly triggering a format string vulnerability.",2001-10-18T04:00:00.000,N/A,Unknown
CVE-2001-0751,"Cisco switches and routers running CBOS 2.3.8 and earlier use predictable TCP Initial Sequence Numbers (ISN), which allows remote attackers to spoof or hijack TCP connections.",2001-10-18T04:00:00.000,N/A,Unknown
CVE-2001-0773,Cayman 3220-H DSL Router 1.0 allows remote attacker to cause a denial of service (crash) via a series of SYN or TCP connect requests.,2001-10-18T04:00:00.000,N/A,Unknown
CVE-2001-0895,"Multiple Cisco networking products allow remote attackers to cause a denial of service on the local network via a series of ARP packets sent to the router's interface that contains a different MAC address for the router, which eventually causes the router to overwrite the MAC address in its ARP table.",2001-11-15T05:00:00.000,N/A,Unknown
CVE-2001-0861,Cisco 12000 with IOS 12.0 and line cards based on Engine 2 and earlier allows remote attackers to cause a denial of service (CPU consumption) by flooding the router with traffic that generates a large number of ICMP Unreachable replies.,2001-12-06T05:00:00.000,N/A,Unknown
CVE-2001-0863,"Cisco 12000 with IOS 12.0 and line cards based on Engine 2 does not handle the ""fragment"" keyword in a compiled ACL (Turbo ACL) for packets that are sent to the router, which allows remote attackers to cause a denial of service via a flood of fragments.",2001-12-06T05:00:00.000,N/A,Unknown
CVE-2001-1194,"Zyxel Prestige 681 and 1600 SDSL Routers allow remote attackers to cause a denial of service via malformed packets with (1) an IP length less than actual packet size, or (2) fragmented packets whose size exceeds 64 kilobytes after reassembly.",2001-12-14T05:00:00.000,N/A,Unknown
CVE-2001-1210,"Cisco ubr900 series routers that conform to the Data-over-Cable Service Interface Specifications (DOCSIS) standard must ship without SNMP access restrictions, which can allow remote attackers to read and write information to the MIB using arbitrary community strings.",2001-12-30T05:00:00.000,N/A,Unknown
CVE-2001-1538,"SpeedXess HA-120 DSL router has a default administrative password of ""speedxess"", which allows remote attackers to gain access.",2001-12-31T05:00:00.000,N/A,Unknown
CVE-2002-1595,Cisco SN 5420 Storage Router 1.1(5) and earlier allows attackers to read configuration files without authorization.,2002-01-09T05:00:00.000,N/A,Unknown
CVE-2002-1596,Cisco SN 5420 Storage Router 1.1(5) and earlier allows remote attackers to cause a denial of service (router crash) via an HTTP request with large headers.,2002-01-09T05:00:00.000,N/A,Unknown
CVE-2002-1597,Cisco SN 5420 Storage Router 1.1(5) and earlier allows remote attackers to cause a denial of service (halt) via a fragmented packet to the Gigabit interface.,2002-01-09T05:00:00.000,N/A,Unknown
CVE-2002-0109,"Linksys EtherFast BEFN2PS4, BEFSR41, and BEFSR81 Routers, and possibly other products, allow remote attackers to gain sensitive information and cause a denial of service via an SNMP query for the default community string ""public,"" which causes the router to change its configuration and send SNMP trap information back to the system that initiated the query.",2002-03-25T05:00:00.000,N/A,Unknown
CVE-2002-0127,"Netgear RP114 Cable/DSL Web Safe Router Firmware 3.26, when configured to block traffic below port 1024, allows remote attackers to cause a denial of service (hang) via a port scan of the WAN port.",2002-03-25T05:00:00.000,N/A,Unknown
CVE-2002-0232,"Directory traversal vulnerability in Multi Router Traffic Grapher (MRTG) allows remote attackers to read portions of arbitrary files via a .. (dot dot) in the cfg parameter for (1) 14all.cgi, (2) 14all-1.1.cgi, (3) traffic.cgi, or (4) mrtg.cgi.",2002-05-29T04:00:00.000,N/A,Unknown
CVE-2002-0238,Cross-site scripting vulnerability in web administration interface for NetGear RT314 and RT311 Gateway Routers allows remote attackers to execute arbitrary script on another client via a URL that contains the script.,2002-05-29T04:00:00.000,N/A,Unknown
CVE-2002-0255,"The default configuration of Arescom NetDSL 800 does not require authentication, which allows remote attackers to cause a denial of service or reconfigure the router.",2002-05-29T04:00:00.000,N/A,Unknown
CVE-2002-0256,"The telnet port in Arescom NetDSL 1000 router allows remote attackers to cause a denial of service via a series of connections with long strings, which causes a large number of login failures and causes the telnet service to stop.",2002-05-29T04:00:00.000,N/A,Mirai
CVE-2002-0426,"VPN Server module in Linksys EtherFast BEFVP41 Cable/DSL VPN Router before 1.40.1 reduces the key lengths for keys that are supplied via manual key entry, which makes it easier for attackers to crack the keys.",2002-08-12T04:00:00.000,N/A,Unknown
CVE-2002-0888,"3Com OfficeConnect Remote 812 ADSL Router, firmware 1.1.9 and 1.1.7, allows remote attackers to bypass port access restrictions by connecting to an approved port and quickly connecting to the desired port, which is allowed by the router.",2002-10-04T04:00:00.000,N/A,Unknown
CVE-2002-0949,"Telindus 1100 series ADSL router allows remote attackers to gain privileges to the device via a certain packet to UDP port 9833, which generates a reply that includes the router's password and other sensitive information in cleartext.",2002-10-04T04:00:00.000,N/A,Unknown
CVE-2002-1069,"The remote administration capability for the D-Link DI-804 router 4.68 allows remote attackers to bypass authentication and release DHCP addresses or obtain sensitive information via a direct web request to the pages (1) release.htm, (2) Device Status, or (3) Device Information.",2002-10-04T04:00:00.000,N/A,Unknown
CVE-2002-1236,The remote management web server for Linksys BEFSR41 EtherFast Cable/DSL Router before firmware 1.42.7 allows remote attackers to cause a denial of service (crash) via an HTTP request to Gozila.cgi without any arguments.,2002-11-12T05:00:00.000,N/A,Unknown
CVE-2002-1312,"Buffer overflow in the Web management interface in Linksys BEFW11S4 wireless access point router 2 and BEFSR11, BEFSR41, and BEFSRU31 EtherFast Cable/DSL routers with firmware before 1.43.3 with remote management enabled allows remote attackers to cause a denial of service (router crash) via a long password.",2002-11-20T05:00:00.000,N/A,Unknown
CVE-2002-1706,"Cisco IOS software 11.3 through 12.2 running on Cisco uBR7200 and uBR7100 series Universal Broadband Routers allows remote attackers to modify Data Over Cable Service Interface Specification (DOCSIS) settings via a DOCSIS file without a Message Integrity Check (MIC) signature, which is approved by the router.",2002-12-31T05:00:00.000,7.5,Unknown
CVE-2002-1865,"Buffer overflow in the Embedded HTTP server, as used in (1) D-Link DI-804 4.68, Dl-704 V2.56b6, and Dl-704 V2.56b5 and (2) Linksys Etherfast BEFW11S4 Wireless AP + Cable/DSL Router 1.37.2 through 1.42.7 and Linksys WAP11 1.3 and 1.4, allows remote attackers to cause a denial of service (crash) via a long header, as demonstrated using the Host header.",2002-12-31T05:00:00.000,N/A,Unknown
CVE-2002-2020,"Netgear RP114 Cable/DSL Web Safe Router Firmware 3.26 uses a default administrator password and accepts admin logins on the external interface, which allows remote attackers to gain privileges if the password is not changed.",2002-12-31T05:00:00.000,N/A,Unknown
CVE-2002-2052,"Cisco 2611 router running IOS 12.1(6.5), possibly an interim release, allows remote attackers to cause a denial of service via port scans such as (1) scanning all ports on a single host and (2) scanning a network of hosts for a single open port through the router.  NOTE: the vendor could not reproduce this issue, saying that the original reporter was using an interim release of the software.",2002-12-31T05:00:00.000,N/A,Unknown
CVE-2002-2053,"The design of the Hot Standby Routing Protocol (HSRP), as implemented on Cisco IOS 12.1, when using IRPAS, allows remote attackers to cause a denial of service (CPU consumption) via a router with the same IP address as the interface on which HSRP is running, which causes a loop.",2002-12-31T05:00:00.000,N/A,Unknown
CVE-2002-2116,"Netgear RM-356 and RT-338 series SOHO routers allow remote attackers to cause a denial of service (crash) via a UDP port scan, as demonstrated using nmap.",2002-12-31T05:00:00.000,N/A,Unknown
CVE-2002-2133,"Telindus 1100 ASDL router running firmware 6.0.x uses weak encryption for UDP session traffic, which allows remote attackers to gain unauthorized access by sniffing and decrypting the administrative password.",2002-12-31T05:00:00.000,N/A,Unknown
CVE-2002-2148,"Lucent Ascend MAX Router 5.0 and earlier, Lucent Ascend Pipeline Router 6.0.2 and earlier and Lucent DSLTerminator allows remote attackers to obtain sensitive information such as hostname, MAC, and IP address of the Ethernet interface via a discard (UDP port 9) packet, which causes the device to leak the information in the response.",2002-12-31T05:00:00.000,N/A,Unknown
CVE-2002-2149,"Buffer overflow in Lucent Access Point 300, 600, and 1500 Service Routers allows remote attackers to cause a denial of service (reboot) via a long HTTP request to the administrative interface.",2002-12-31T05:00:00.000,N/A,Unknown
CVE-2002-2185,"The Internet Group Management Protocol (IGMP) allows local users to cause a denial of service via an IGMP membership report to a target's Ethernet address instead of the Multicast group address, which causes the target to stop sending reports to the router and effectively disconnect the group from the network.",2002-12-31T05:00:00.000,N/A,Unknown
CVE-2002-2315,"Cisco IOS 11.2.x and 12.0.x does not limit the size of its redirect table, which allows remote attackers to cause a denial of service (memory consumption) via spoofed ICMP redirect packets to the router.",2002-12-31T05:00:00.000,N/A,Unknown
CVE-2002-2402,"SURECOM broadband router EP-4501 uses a default SNMP read community string of ""public"" and a default SNMP read/write community string of ""secret,"" which allows remote attackers to read and modify router configuration information.",2002-12-31T05:00:00.000,N/A,Unknown
CVE-2002-1501,The MPS functionality in Enterasys SSR8000 (Smart Switch Router) before firmware 8.3.0.10 allows remote attackers to cause a denial of service (crash) via multiple port scans to ports 15077 and 15078.,2003-04-02T05:00:00.000,N/A,Unknown
CVE-2002-1431,"Belkin F5D5230-4 4-Port Cable/DSL Gateway Router 1.20.000 modifies the source IP address of internal packets to that of the router's external interface when forwarding a request from an internal host to an internal web server, which allows remote attackers to hide which host is being used to access the web server.",2003-04-11T04:00:00.000,N/A,Unknown
CVE-2011-5135,Multiple SQL injection vulnerabilities in the save_connection function in lib/lib.iotask.php in the iotask module in DoceboLMS 4.0.4 and earlier allow remote authenticated users with admin or teacher privileges to execute arbitrary SQL commands via the (1) coursereportuiconfig[name] or (2) coursereportuiconfig[description] parameters to index.php.,2012-08-30T22:55:04.483,N/A,Unknown
CVE-2014-1381,"Thunderbolt in Apple OS X before 10.9.4 does not properly restrict IOThunderBoltController API calls, which allows attackers to execute arbitrary code or cause a denial of service (out-of-bounds memory access and application crash) via a crafted call.",2014-07-01T10:17:27.563,N/A,Unknown
CVE-2015-7067,IOThunderboltFamily in Apple OS X before 10.11.2 allows local users to cause a denial of service (NULL pointer dereference) via an unspecified userclient type.,2015-12-11T11:59:33.090,N/A,Unknown
CVE-2016-4727,IOThunderboltFamily in Apple OS X before 10.12 allows attackers to execute arbitrary code in a privileged context or cause a denial of service (memory corruption) via a crafted app.,2016-09-25T10:59:31.283,N/A,Unknown
CVE-2017-7243,"Eclipse tinydtls 0.8.2 for Eclipse IoT allows remote attackers to cause a denial of service (DTLS peer crash) by sending a ""Change cipher spec"" packet without pre-handshake.",2017-03-24T15:59:01.293,N/A,Unknown
CVE-2017-7911,"A Code Injection issue was discovered in CyberVision Kaa IoT Platform, Version 0.7.4. An insufficient-encapsulation vulnerability has been identified, which may allow remote code execution.",2017-05-06T00:29:00.317,N/A,Unknown
CVE-2017-6780,"A vulnerability in the TCP throttling process for Cisco IoT Field Network Director (IoT-FND) could allow an unauthenticated, remote attacker to cause the system to consume additional memory, eventually forcing the device to restart, aka Memory Exhaustion. The vulnerability is due to insufficient rate-limiting protection. An attacker could exploit this vulnerability by sending a high rate of TCP packets to a specific group of open listening ports on a targeted device. An exploit could allow the attacker to cause the system to consume additional memory. If enough available memory is consumed, the system will restart, creating a temporary denial of service (DoS) condition. The DoS condition will end after the device has finished the restart process. This vulnerability affects the following Cisco products: Connected Grid Network Management System, if running a software release prior to IoT-FND Release 4.0; IoT Field Network Director, if running a software release prior to IoT-FND Release 4.0. Cisco Bug IDs: CSCvc77164.",2017-09-07T21:29:00.740,N/A,Unknown
CVE-2017-16567,"Persistent Cross-Site Scripting (XSS) vulnerability in Logitech Media Server 7.9.0, affecting the ""Favorites"" feature. This vulnerability allows remote attackers to inject and permanently store malicious JavaScript payloads, which are executed when users access the affected functionality. Exploitation of this vulnerability can lead to Session Hijacking and Credential Theft, Execution of unauthorized actions on behalf of users, and Exfiltration of sensitive data. This vulnerability presents a potential risk for widespread exploitation in connected IoT environments.",2017-11-10T02:29:18.763,5.4,Unknown
CVE-2017-12465,"Multiple integer overflows in CCN-lite before 2.00 allow context-dependent attackers to have unspecified impact via vectors involving the (1) vallen variable in the iottlv_parse_sequence function or (2) typ, vallen and i variables in the localrpc_parse function.",2018-02-07T17:29:00.670,N/A,Unknown
CVE-2017-14910,"In Snapdragon Automobile, Snapdragon IoT and Snapdragon Mobile MDM9206 MDM9607, MDM9650, S820A, S820Am, SD 210/SD 212/SD 205, SD 410/12, SD 425, SD 430, SD 615/16/SD 415, SD 617, SD 625, SD 650/52, SD 820, SD 835, and SD 845, a buffer overread is possible if there are no newlines in an input file.",2018-02-23T23:29:00.297,N/A,Unknown
CVE-2017-11010,"In Android before 2018-01-05 on Qualcomm Snapdragon IoT, Snapdragon Mobile MDM9206, MDM9650, SD 210/SD 212/SD 205, SD 625, SD 650/52, SD 835, access control left a configuration space unprotected.",2018-03-30T15:29:00.290,N/A,Unknown
CVE-2017-14906,"In Android before 2018-01-05 on Qualcomm Snapdragon IoT, Snapdragon Mobile MDM9206, MDM9607, MSM8909W, SD 210/SD 212/SD 205, SD 410/12, PKCS7 padding is not supported by the crypto storage APIs.",2018-03-30T15:29:00.370,N/A,Unknown
CVE-2017-14911,"In Android before 2018-01-05 on Qualcomm Snapdragon IoT, Snapdragon Mobile, Snapdragon Automobile APQ8096AU, MDM9206, MDM9650, MSM8996AU, SD 210/SD 212/SD 205, SD 425, SD 430, SD 625, SD 650/52, SD 820, SD 835, it is possible for the XBL loader to skip the authentication of device config.",2018-03-30T15:29:00.433,N/A,Unknown
CVE-2017-14912,"In Android before 2018-01-05 on Qualcomm Snapdragon IoT, Snapdragon Mobile [VERSION]: MDM9206, MDM9607, MDM9650, MSM8909W, SD 200, SD 210/SD 212/SD 205, SD 400, SD 410/12, SD 425, SD 430, SD 615/16/SD 415, SD 617, SD 625, SD 650/52, SD 800, SD 835, the attributes of buffers in Secure Display were not marked properly.",2018-03-30T15:29:00.493,N/A,Unknown
CVE-2017-14913,"In Android before 2018-01-05 on Qualcomm Snapdragon IoT, Snapdragon Mobile MDM9206, SD 625, SD 650/52, SD 835, SD 845, DDR address input validation is being improperly truncated.",2018-03-30T15:29:00.557,N/A,Unknown
CVE-2018-8119,"A spoofing vulnerability exists when the Azure IoT Device Provisioning AMQP Transport library improperly validates certificates over the AMQP protocol, aka ""Azure IoT SDK Spoofing Vulnerability."" This affects C# SDK, C SDK, Java SDK.",2018-05-09T19:29:01.230,N/A,Unknown
CVE-2018-0270,"A vulnerability in the web-based management interface of Cisco IoT Field Network Director (IoT-FND) could allow an unauthenticated, remote attacker to conduct a cross-site request forgery (CSRF) attack and alter the data of existing users and groups on an affected device. The vulnerability is due to insufficient CSRF protections for the web-based management interface on an affected device. An attacker could exploit this vulnerability by persuading a user of the interface to follow a malicious link. A successful exploit could allow the attacker to perform arbitrary actions with the privilege level of the affected user. If the user has administrative privileges, the attacker could create a new, privileged account to obtain full control over the device interface. This vulnerability affects Connected Grid Network Management System, if running a software release prior to IoT-FND Release 3.0; and IoT Field Network Director, if running a software release prior to IoT-FND Release 4.1.1-6 or 4.2.0-123. Cisco Bug IDs: CSCvi02448.",2018-05-17T03:29:00.310,N/A,Unknown
CVE-2018-11629,"Default and unremovable support credentials (user:lutron password:integration) allow attackers to gain total super user control of an IoT device through a TELNET session to products using the HomeWorks QS Lutron integration protocol Revision M to Revision Y. NOTE: The vendor disputes this id as not being a vulnerability because what can be done through the ports revolve around controlling lighting, not code execution. A certain set of commands are listed, which bear some similarity to code, but they are not arbitrary and do not allow admin-level control of a machine",2018-06-02T13:29:00.230,N/A,Mirai
CVE-2018-11681,"Default and unremovable support credentials (user:nwk password:nwk2) allow attackers to gain total super user control of an IoT device through a TELNET session to products using the RadioRA 2 Lutron integration protocol Revision M to Revision Y. NOTE: The vendor disputes this id as not being a vulnerability because what can be done through the ports revolve around controlling lighting, not code execution. A certain set of commands are listed, which bear some similarity to code, but they are not arbitrary and do not allow admin-level control of a machine",2018-06-02T13:29:00.277,9.8,Mirai
CVE-2018-11682,"Default and unremovable support credentials allow attackers to gain total super user control of an IoT device through a TELNET session to products using the Stanza Lutron integration protocol Revision M to Revision Y. NOTE: The vendor disputes this id as not being a vulnerability because what can be done through the ports revolve around controlling lighting, not code execution. A certain set of commands are listed, which bear some similarity to code, but they are not arbitrary and do not allow admin-level control of a machine",2018-06-02T13:29:00.323,9.8,Mirai
CVE-2018-12163,A DLL injection vulnerability in the Intel IoT Developers Kit 4.0 installer may allow an authenticated user to potentially escalate privileges using file modification via local access.,2018-09-12T19:29:01.653,N/A,Unknown
CVE-2018-8479,"A spoofing vulnerability exists for the Azure IoT Device Provisioning for the C SDK library using the HTTP protocol on Windows platform, aka ""Azure IoT SDK Spoofing Vulnerability."" This affects C SDK.",2018-09-13T00:29:07.317,N/A,Unknown
CVE-2018-8531,"A remote code execution vulnerability exists in the way that Azure IoT Hub Device Client SDK using MQTT protocol accesses objects in memory, aka ""Azure IoT Device Client SDK Memory Corruption Vulnerability."" This affects Hub Device Client SDK, Azure IoT Edge.",2018-10-10T13:29:06.243,N/A,Unknown
CVE-2019-1644,"A vulnerability in the UDP protocol implementation for Cisco IoT Field Network Director (IoT-FND) could allow an unauthenticated, remote attacker to exhaust system resources, resulting in a denial of service (DoS) condition. The vulnerability is due to improper resource management for UDP ingress packets. An attacker could exploit this vulnerability by sending a high rate of UDP packets to an affected system within a short period of time. A successful exploit could allow the attacker to exhaust available system resources, resulting in a DoS condition.",2019-01-23T23:29:00.620,7.5,Unknown
CVE-2018-11847,"Malicious TA can tag QSEE kernel memory and map to EL0, there by corrupting the physical memory as well it can be used to corrupt the QSEE kernel and compromise the whole TEE in Snapdragon Auto, Snapdragon Compute, Snapdragon Connectivity, Snapdragon Consumer Electronics Connectivity, Snapdragon Consumer IOT, Snapdragon Industrial IOT, Snapdragon IoT, Snapdragon Mobile, Snapdragon Voice & Music, Snapdragon Wearables and Snapdragon Wired Infrastructure and Networking in versions IPQ8074, MDM9206, MDM9607, MDM9650, MDM9655, MSM8909W, MSM8996AU, QCA8081, SD 210/SD 212/SD 205, SD 410/12, SD 425, SD 427, SD 430, SD 435, SD 439 / SD 429, SD 450, SD 615/16/SD 415, SD 625, SD 632, SD 650/52, SD 820, SD 820A, SD 835, SD 8CX, SDM439 and Snapdragon_High_Med_2016",2019-02-11T15:29:00.240,N/A,Unknown
CVE-2018-11855,"If an end user makes use of SCP11 sample OCE code without modification it could lead to a buffer overflow when transmitting a CAPDU in Snapdragon Auto, Snapdragon Compute, Snapdragon Connectivity, Snapdragon Consumer Electronics Connectivity, Snapdragon Consumer IOT, Snapdragon Industrial IOT and Snapdragon Mobile in versions MDM9607, MDM9650, MDM9655, MSM8996AU, SD 210/SD 212/SD 205, SD 410/12, SD 636, SD 820, SD 820A, SD 835, SD 8CX, SDA660, SDM630, SDM660.",2019-02-11T15:29:00.317,N/A,Unknown
CVE-2018-11888,"Unauthorized access may be allowed by the SCP11 Crypto Services TA will processing commands from other TA in Snapdragon Auto, Snapdragon Compute, Snapdragon Connectivity, Snapdragon Consumer Electronics Connectivity, Snapdragon Consumer IOT, Snapdragon Industrial IOT, Snapdragon Mobile and Snapdragon Voice & Music in versions MDM9607, MDM9650, MDM9655, MSM8996AU, SD 210/SD 212/SD 205, SD 410/12, SD 425, SD 427, SD 430, SD 435, SD 439 / SD 429, SD 450, SD 615/16/SD 415, SD 625, SD 632, SD 650/52, SD 820, SD 820A, SD 835, SD 8CX, SDM439, Snapdragon_High_Med_2016.",2019-02-11T15:29:00.363,N/A,Unknown
CVE-2018-11899,"While processing radio connection status change events, Radio index is not properly validated in Snapdragon Auto, Snapdragon Connectivity, Snapdragon Consumer IOT, Snapdragon Industrial IOT, Snapdragon Mobile and Snapdragon Voice & Music in versions MDM9206, MDM9607, MDM9640, MDM9650, MSM8996AU, SD 210/SD 212/SD 205, SD 425, SD 427, SD 430, SD 435, SD 439 / SD 429, SD 450, SD 625, SD 636, SD 650/52, SD 675, SD 712 / SD 710 / SD 670, SD 820, SD 820A, SD 835, SD 845 / SD 850, SD 855, SDA660, SDM439, SDM630, SDM660, SDX20, SDX24.",2019-02-11T15:29:00.410,N/A,Unknown
CVE-2018-13888,"There is potential for memory corruption in the RIL daemon due to de reference of memory outside the allocated array length in RIL in Snapdragon Auto, Snapdragon Consumer IOT, Snapdragon Industrial IOT, Snapdragon Mobile, Snapdragon Wearables in versions MDM9206, MDM9607, MDM9635M, MDM9650, MSM8909W, SD 210/SD 212/SD 205, SD 425, SD 427, SD 430, SD 435, SD 439 / SD 429, SD 450, SD 625, SD 636, SD 650/52, SD 675, SD 712 / SD 710 / SD 670, SD 820A, SD 835, SD 845 / SD 850, SD 855, SDM439, SDM630, SDM660, ZZ_QCS605.",2019-02-11T15:29:00.740,N/A,Unknown
CVE-2018-11289,"Data truncation during higher to lower type conversion which causes less memory allocation than desired can lead to a buffer overflow in Snapdragon Auto, Snapdragon Compute, Snapdragon Connectivity, Snapdragon Consumer Electronics Connectivity, Snapdragon Consumer IOT, Snapdragon Industrial IOT, Snapdragon Mobile, Snapdragon Voice & Music, Snapdragon Wired Infrastructure and Networking in versions IPQ8074, MDM9150, MDM9206, MDM9607, MDM9650, MDM9655, MSM8996AU, QCA8081, QCS605, SD 210/SD 212/SD 205, SD 410/12, SD 425, SD 427, SD 430, SD 435, SD 439 / SD 429, SD 450, SD 625, SD 632, SD 636, SD 650/52, SD 675, SD 712 / SD 710 / SD 670, SD 820, SD 820A, SD 835, SD 845 / SD 850, SD 8CX, SDA660, SDM439, SDM630, SDM660, Snapdragon_High_Med_2016, SXR1130.",2019-02-25T22:29:02.353,N/A,Unknown
CVE-2018-11820,"Use of non-time constant memcmp function creates side channel that leaks information and leads to cryptographic issues in Snapdragon Auto, Snapdragon Compute, Snapdragon Connectivity, Snapdragon Consumer Electronics Connectivity, Snapdragon Consumer IOT, Snapdragon Industrial IOT, Snapdragon IoT, Snapdragon Mobile, Snapdragon Voice & Music, Snapdragon Wired Infrastructure and Networking in versions IPQ8074, MDM9150, MDM9206, MDM9607, MDM9640, MDM9650, MDM9655, MSM8996AU, QCA8081, QCS605, SD 210/SD 212/SD 205, SD 410/12, SD 425, SD 427, SD 430, SD 435, SD 439 / SD 429, SD 450, SD 615/16/SD 415, SD 625, SD 632, SD 636, SD 650/52, SD 712 / SD 710 / SD 670, SD 800, SD 820, SD 820A, SD 835, SD 845 / SD 850, SD 8CX, SDA660, SDM439, SDM630, SDM660, Snapdragon_High_Med_2016, SXR1130.",2019-02-25T22:29:02.400,N/A,Unknown
CVE-2018-11845,"Usage of non-time-constant comparison functions can lead to information leakage through side channel analysis in Snapdragon Auto, Snapdragon Compute, Snapdragon Connectivity, Snapdragon Consumer Electronics Connectivity, Snapdragon Consumer IOT, Snapdragon Industrial IOT, Snapdragon Mobile, Snapdragon Voice & Music in versions MDM9150, MDM9206, MDM9607, MDM9650, MDM9655, MSM8996AU, QCS605, SD 210/SD 212/SD 205, SD 410/12, SD 425, SD 427, SD 430, SD 435, SD 439 / SD 429, SD 450, SD 625, SD 632, SD 636, SD 650/52, SD 675, SD 712 / SD 710 / SD 670, SD 820, SD 820A, SD 835, SD 845 / SD 850, SD 8CX, SDA660, SDM439, SDM630, SDM660, Snapdragon_High_Med_2016, SXR1130.",2019-02-25T22:29:02.430,N/A,Unknown
CVE-2018-11864,"Bytes can be written to fuses from Secure region which can be read later by HLOS in Snapdragon Auto, Snapdragon Compute, Snapdragon Connectivity, Snapdragon Consumer Electronics Connectivity, Snapdragon Consumer IOT, Snapdragon Industrial IOT, Snapdragon Mobile, Snapdragon Voice & Music, Snapdragon Wired Infrastructure and Networking in versions IPQ8074, MDM9150, MDM9206, MDM9607, MDM9650, MDM9655, MSM8996AU, QCA8081, QCS605, SD 210/SD 212/SD 205, SD 410/12, SD 425, SD 427, SD 430, SD 435, SD 439 / SD 429, SD 450, SD 625, SD 632, SD 636, SD 650/52, SD 675, SD 712 / SD 710 / SD 670, SD 820, SD 820A, SD 835, SD 845 / SD 850, SD 8CX, SDA660, SDM439, SDM630, SDM660, Snapdragon_High_Med_2016, SXR1130.",2019-02-25T22:29:02.477,N/A,Unknown
CVE-2018-11931,"Improper access to HLOS is possible while transferring memory to CPZ in Snapdragon Auto, Snapdragon Compute, Snapdragon Connectivity, Snapdragon Consumer Electronics Connectivity, Snapdragon Consumer IOT, Snapdragon Industrial IOT, Snapdragon Mobile, Snapdragon Voice & Music in versions MDM9150, MDM9206, MDM9607, MDM9650, MSM8996AU, QCS605, SD 210/SD 212/SD 205, SD 410/12, SD 425, SD 427, SD 430, SD 435, SD 439 / SD 429, SD 450, SD 615/16/SD 415, SD 625, SD 632, SD 636, SD 650/52, SD 675, SD 712 / SD 710 / SD 670, SD 820, SD 820A, SD 835, SD 8CX, SDA660, SDM439, SDM630, SDM660, Snapdragon_High_Med_2016, SXR1130.",2019-02-25T22:29:02.510,N/A,Unknown
CVE-2018-11932,"Improper input validation can lead RW access to secure subsystem from HLOS in Snapdragon Auto, Snapdragon Compute, Snapdragon Connectivity, Snapdragon Consumer Electronics Connectivity, Snapdragon Consumer IOT, Snapdragon Industrial IOT, Snapdragon Mobile in versions MDM9650, MDM9655, MSM8996AU, QCS605, SD 410/12, SD 615/16/SD 415, SD 675, SD 712 / SD 710 / SD 670, SD 820, SD 820A, SD 835, SD 845 / SD 850, SD 8CX, SXR1130.",2019-02-25T22:29:02.540,N/A,Unknown
CVE-2018-11935,"Improper input validation might result in incorrect app id returned to the caller Instead of returning failure in Snapdragon Auto, Snapdragon Compute, Snapdragon Connectivity, Snapdragon Consumer Electronics Connectivity, Snapdragon Consumer IOT, Snapdragon Industrial IOT, Snapdragon Mobile in versions MDM9607, MDM9650, MDM9655, MSM8996AU, QCS605, SD 210/SD 212/SD 205, SD 410/12, SD 615/16/SD 415, SD 636, SD 675, SD 712 / SD 710 / SD 670, SD 820, SD 820A, SD 835, SD 845 / SD 850, SD 8CX, SDA660, SDM630, SDM660, SXR1130.",2019-02-25T22:29:02.587,N/A,Unknown
CVE-2018-11938,"Improper input validation for argument received from HLOS can lead to buffer overflows and unexpected behavior in Snapdragon Auto, Snapdragon Compute, Snapdragon Connectivity, Snapdragon Consumer Electronics Connectivity, Snapdragon Consumer IOT, Snapdragon Industrial IOT, Snapdragon IoT, Snapdragon Mobile, Snapdragon Voice & Music, Snapdragon Wearables, Snapdragon Wired Infrastructure and Networking in versions IPQ8074, MDM9150, MDM9206, MDM9607, MDM9650, MSM8909W, MSM8996AU, QCA8081, QCS605, SD 210/SD 212/SD 205, SD 410/12, SD 425, SD 427, SD 430, SD 435, SD 439 / SD 429, SD 450, SD 615/16/SD 415, SD 625, SD 632, SD 636, SD 650/52, SD 675, SD 712 / SD 710 / SD 670, SD 820, SD 820A, SD 835, SD 845 / SD 850, SD 8CX, SDA660, SDM439, SDM630, SDM660, Snapdragon_High_Med_2016, SXR1130.",2019-02-25T22:29:02.617,N/A,Unknown
CVE-2018-11945,"Improper input validation in wireless service messaging module for data received from broadcast messages can lead to heap overflow in Snapdragon Auto, Snapdragon Compute, Snapdragon Consumer Electronics Connectivity, Snapdragon Consumer IOT, Snapdragon Industrial IOT, Snapdragon IoT, Snapdragon Mobile, Snapdragon Voice & Music, Snapdragon Wearables in versions MDM9150, MDM9206, MDM9607, MDM9615, MDM9625, MDM9635M, MDM9640, MDM9650, MDM9655, MSM8909W, MSM8996AU, QCS605, SD 210/SD 212/SD 205, SD 410/12, SD 425, SD 427, SD 430, SD 435, SD 439 / SD 429, SD 450, SD 615/16/SD 415, SD 625, SD 632, SD 636, SD 650/52, SD 675, SD 712 / SD 710 / SD 670, SD 820, SD 820A, SD 835, SD 845 / SD 850, SD 855, SD 8CX, SDA660, SDM439, SDM630, SDM660, SDX20, Snapdragon_High_Med_2016, SXR1130.",2019-02-25T22:29:02.650,N/A,Unknown
CVE-2018-11948,"Exceeding the limit of usage entries are not tracked and the information will be lost causing the content to lose continuity in Snapdragon Auto, Snapdragon Compute, Snapdragon Connectivity, Snapdragon Consumer Electronics Connectivity, Snapdragon Consumer IOT, Snapdragon Industrial IOT, Snapdragon Mobile, Snapdragon Voice & Music in versions MSM8996AU, QCS605, SD 410/12, SD 425, SD 427, SD 430, SD 435, SD 439 / SD 429, SD 450, SD 625, SD 632, SD 636, SD 675, SD 712 / SD 710 / SD 670, SD 820, SD 820A, SD 835, SD 845 / SD 850, SD 8CX, SDA660, SDM439, SDM630, SDM660, Snapdragon_High_Med_2016, SXR1130.",2019-02-25T22:29:02.680,N/A,Unknown
CVE-2018-13900,"Use-after-free vulnerability will occur as there is no protection for the route table`s rule in IPA driver in Snapdragon Auto, Snapdragon Consumer IOT, Snapdragon Industrial IOT, Snapdragon Mobile, Snapdragon Voice & Music, Snapdragon Wearables in versions MDM9150, MDM9206, MDM9607, MDM9640, MDM9650, MSM8909W, MSM8996AU, QCS605, SD 210/SD 212/SD 205, SD 425, SD 427, SD 430, SD 435, SD 439 / SD 429, SD 450, SD 625, SD 636, SD 712 / SD 710 / SD 670, SD 820, SD 820A, SD 835, SD 845 / SD 850, SD 855, SDA660, SDM439, SDM630, SDM660, SDX20, SDX24.",2019-02-25T22:29:02.713,N/A,Unknown
CVE-2018-13904,"Improper input validation in SCM handler to access storage in TZ can lead to unauthorized access in Snapdragon Auto, Snapdragon Compute, Snapdragon Consumer Electronics Connectivity, Snapdragon Consumer IOT, Snapdragon Industrial IOT, Snapdragon Mobile in versions MDM9206, MDM9607, MDM9650, MDM9655, QCS605, SD 410/12, SD 675, SD 712 / SD 710 / SD 670, SD 8CX, SXR1130.",2019-02-25T22:29:02.743,N/A,Unknown
CVE-2018-13905,"KGSL syncsource lock not handled properly during syncsource cleanup can lead to use after free issue in Snapdragon Auto, Snapdragon Consumer IOT, Snapdragon Industrial IOT, Snapdragon Mobile, Snapdragon Wearables in MDM9206, MDM9607, MDM9650, MSM8909W, QCS605, SD 210/SD 212/SD 205, SD 439 / SD 429, SD 712 / SD 710 / SD 670, SD 820A, SD 845 / SD 850, SD 855, SDM439, SDM660, SDX24.",2019-02-25T22:29:02.777,N/A,Unknown
CVE-2018-13912,"Arbitrary write issue can occur when user provides kernel address in compat mode in Snapdragon Auto, Snapdragon Connectivity, Snapdragon Consumer IOT, Snapdragon Industrial IOT, Snapdragon Mobile, Snapdragon Voice & Music, Snapdragon Wearables in MDM9150, MDM9206, MDM9607, MDM9640, MDM9650, MSM8909W, MSM8996AU, QCS605, SD 210/SD 212/SD 205, SD 425, SD 439 / SD 429, SD 625, SD 636, SD 712 / SD 710 / SD 670, SD 820, SD 820A, SD 835, SD 845 / SD 850, SDA660, SDM439, SDM630, SDM660, SDX20, SDX24.",2019-02-25T22:29:02.807,N/A,Unknown
CVE-2018-13913,"Improper validation of array index can lead to unauthorized access while processing debugFS in Snapdragon Auto, Snapdragon Consumer IOT, Snapdragon Industrial IOT, Snapdragon IoT, Snapdragon Mobile, Snapdragon Voice & Music, Snapdragon Wearables in version MDM9150, MDM9206, MDM9607, MDM9640, MDM9650, MSM8909W, MSM8996AU, QCS605, SD 210/SD 212/SD 205, SD 425, SD 439 / SD 429, SD 615/16/SD 415, SD 625, SD 636, SD 650/52, SD 712 / SD 710 / SD 670, SD 820A, SD 835, SD 845 / SD 850, SD 855, SDA660, SDM439, SDM630, SDM660, SDX20, SDX24.",2019-02-25T22:29:02.837,N/A,Unknown
CVE-2018-13914,"Lack of input validation for data received from user space can lead to an out of bound array issue in Snapdragon Auto, Snapdragon Consumer IOT, Snapdragon Industrial IOT, Snapdragon Mobile, Snapdragon Wearables in version MDM9150, MDM9206, MDM9607, MDM9650, MSM8909W, MSM8996AU, SD 210/SD 212/SD 205, SD 636, SD 820A, SD 835, SDM630, SDM660, SDX20.",2019-02-25T22:29:02.853,N/A,Unknown
CVE-2018-5839,"Improperly configured memory protection allows read/write access to modem image from HLOS kernel in Snapdragon Auto, Snapdragon Compute, Snapdragon Consumer IOT, Snapdragon Industrial IOT, Snapdragon Mobile in versions MDM9150, MDM9615, MDM9625, MDM9635M, MDM9640, MDM9650, MDM9655, MSM8996AU, QCS605, SD 636, SD 675, SD 712 / SD 710 / SD 670, SD 820, SD 820A, SD 835, SD 845 / SD 850, SD 855, SD 8CX, SDA660, SDM630, SDM660, SDX20, SXR1130.",2019-02-25T22:29:02.900,N/A,Unknown
CVE-2019-0729,"An Elevation of Privilege vulnerability exists in the way Azure IoT Java SDK generates symmetric keys for encryption, allowing an attacker to predict the randomness of the key, aka 'Azure IoT Java SDK Elevation of Privilege Vulnerability'.",2019-03-05T23:29:02.740,N/A,Unknown
CVE-2019-0741,"An information disclosure vulnerability exists in the way Azure IoT Java SDK logs sensitive information, aka 'Azure IoT Java SDK Information Disclosure Vulnerability'.",2019-03-05T23:29:02.770,N/A,Unknown
CVE-2019-9750,"In IoTivity through 1.3.1, the CoAP server interface can be used for Distributed Denial of Service attacks using source IP address spoofing and UDP-based traffic amplification. The reflected traffic is 6 times bigger than spoofed requests. This occurs because the construction of a ""4.01 Unauthorized"" response is mishandled. NOTE: the vendor states ""While this is an interesting attack, there is no plan for maintainer to fix, as we are migrating to IoTivity Lite.""",2019-03-13T19:29:00.347,N/A,Unknown
CVE-2018-11830,"Improper input validation in QCPE create function may lead to integer overflow in Snapdragon Auto, Snapdragon Consumer Electronics Connectivity, Snapdragon Industrial IOT, Snapdragon Mobile in MDM9206, MDM9607, MDM9650, MDM9655, MSM8996AU, SD 410/12, SD 820A",2019-04-04T15:29:00.453,N/A,Unknown
CVE-2018-11958,"Insufficient protection of keys in keypad can lead HLOS to gain access to confidential keypad input data in Snapdragon Auto, Snapdragon Consumer Electronics Connectivity, Snapdragon Consumer IOT, Snapdragon Industrial IOT, Snapdragon Mobile, Snapdragon Voice & Music in MDM9206, MDM9607, MDM9650, MDM9655, Qualcomm 215, SD 210/SD 212/SD 205, SD 410/12, SD 425, SD 427, SD 430, SD 435, SD 439 / SD 429, SD 450, SD 615/16/SD 415, SD 625, SD 632, SD 636, SD 650/52, SDA660, SDM439, SDM630, SDM660, Snapdragon_High_Med_2016",2019-04-04T15:29:00.530,N/A,Unknown
CVE-2018-11966,"Undefined behavior in UE while processing unknown IEI in OTA message in Snapdragon Auto, Snapdragon Compute, Snapdragon Consumer IOT, Snapdragon Industrial IOT, Snapdragon Mobile, Snapdragon Wearables in MDM9150, MDM9206, MDM9607, MDM9640, MDM9650, MDM9655, MSM8909W, MSM8996AU, QCS605, SD 210/SD 212/SD 205, SD 425, SD 427, SD 430, SD 435, SD 439 / SD 429, SD 450, SD 625, SD 632, SD 636, SD 650/52, SD 675, SD 712 / SD 710 / SD 670, SD 820, SD 820A, SD 835, SD 845 / SD 850, SD 855, SDA660, SDM439, SDM630, SDM660, SDX20, SM7150, Snapdragon_High_Med_2016, SXR1130",2019-04-04T15:29:00.610,N/A,Unknown
CVE-2018-11970,"TZ App dynamic allocations not protected from XBL loader in Snapdragon Auto, Snapdragon Compute, Snapdragon Consumer Electronics Connectivity, Snapdragon Consumer IOT, Snapdragon Industrial IOT, Snapdragon Mobile in MDM9206, MDM9607, MDM9650, MDM9655, QCS605, SD 410/12, SD 636, SD 712 / SD 710 / SD 670, SD 845 / SD 850, SD 8CX, SDA660, SDM630, SDM660, SXR1130",2019-04-04T15:29:00.703,N/A,Unknown
CVE-2018-11971,"Interrupt exit code flow may undermine access control policy set forth by secure world can lead to potential secure asset leakage in Snapdragon Auto, Snapdragon Compute, Snapdragon Consumer Electronics Connectivity, Snapdragon Consumer IOT, Snapdragon Industrial IOT, Snapdragon Mobile, in MDM9206, MDM9607, MDM9650, MDM9655, QCS605, SD 410/12, SD 615/16/SD 415, SD 636, SD 712 / SD 710 / SD 670, SD 845 / SD 850, SD 8CX, SDA660, SDM630, SDM660, SXR1130",2019-04-04T15:29:00.767,N/A,Unknown
CVE-2018-13918,"kernel could return a received message length higher than expected, which leads to buffer overflow in a subsequent operation and stops normal operation in Snapdragon Auto, Snapdragon Consumer IOT, Snapdragon Industrial IOT, Snapdragon Mobile, Snapdragon Wearables, in MDM9150, MDM9206, MDM9607, MDM9650, MSM8909W, QCS605, Qualcomm 215, SD 425, SD 439 / SD 429, SD 450, SD 625, SD 632, SD 675, SD 712 / SD 710 / SD 670, SD 820A, SD 835, SD 845 / SD 850, SD 855, SDM439, SDX24, SM7150",2019-04-04T15:29:00.923,N/A,Unknown
CVE-2018-11271,"Improper authentication can happen on Remote command handling due to inappropriate handling of events in Snapdragon Auto, Snapdragon Compute, Snapdragon Connectivity, Snapdragon Consumer IOT, Snapdragon Industrial IOT, Snapdragon IoT, Snapdragon Mobile, Snapdragon Wearables in MDM9206, MDM9607, MDM9650, MSM8909W, MSM8996AU, QCS605, Qualcomm 215, SD 210/SD 212/SD 205, SD 425, SD 427, SD 430, SD 435, SD 439 / SD 429, SD 450, SD 615/16/SD 415, SD 625, SD 632, SD 636, SD 650/52, SD 675, SD 712 / SD 710 / SD 670, SD 820, SD 820A, SD 835, SD 845 / SD 850, SD 855, SDA660, SDM439, SDM630, SDM660, SM7150, Snapdragon_High_Med_2016, SXR1130",2019-05-24T17:29:01.133,N/A,Unknown
CVE-2018-11923,"Improper buffer length check before copying can lead to integer overflow and then a buffer overflow in WMA event handler in Snapdragon Auto, Snapdragon Compute, Snapdragon Consumer IOT, Snapdragon Industrial IOT, Snapdragon Mobile in MDM9150, MDM9206, MDM9607, MDM9640, MDM9650, MSM8996AU, QCA6574AU, QCS605, SD 425, SD 427, SD 430, SD 435, SD 450, SD 625, SD 636, SD 712 / SD 710 / SD 670, SD 820A, SD 835, SD 845 / SD 850, SD 855, SDA660, SDM630, SDM660, SDX20, SDX24",2019-05-24T17:29:01.163,N/A,Unknown
CVE-2018-11924,"Improper buffer length validation in WLAN function can lead to a potential integer oveflow issue in Snapdragon Auto, Snapdragon Compute, Snapdragon Consumer Electronics Connectivity, Snapdragon Consumer IOT, Snapdragon Industrial IOT, Snapdragon Mobile, Snapdragon Voice & Music in MDM9150, MDM9206, MDM9607, MDM9640, MDM9650, MSM8996AU, QCA6174A, QCA6574AU, QCA9377, QCA9379, QCS605, SD 210/SD 212/SD 205, SD 425, SD 427, SD 430, SD 435, SD 450, SD 625, SD 636, SD 675, SD 712 / SD 710 / SD 670, SD 820A, SD 835, SD 845 / SD 850, SD 855, SDA660, SDM630, SDM660, SDX20, SDX24, SM7150",2019-05-24T17:29:01.210,N/A,Unknown
CVE-2018-11925,"Data length received from firmware is not validated against the max allowed size which can result in buffer overflow. in Snapdragon Auto, Snapdragon Compute, Snapdragon Consumer IOT, Snapdragon Industrial IOT, Snapdragon Mobile, Snapdragon Wired Infrastructure and Networking in IPQ4019, IPQ8064, IPQ8074, MDM9150, MDM9206, MDM9607, MDM9640, MDM9650, QCS605, SD 425, SD 427, SD 430, SD 435, SD 450, SD 625, SD 636, SD 712 / SD 710 / SD 670, SD 835, SD 845 / SD 850, SD 855, SDA660, SDM630, SDM660, SDX20, SDX24",2019-05-24T17:29:01.240,N/A,Unknown
CVE-2018-11927,"Improper input validation on input which is used as an array index will lead to an out of bounds issue while processing AP find event from firmware in Snapdragon Auto, Snapdragon Consumer Electronics Connectivity, Snapdragon Consumer IOT, Snapdragon Industrial IOT, Snapdragon Mobile, Snapdragon Voice & Music in MDM9150, MDM9206, MDM9607, MDM9640, MDM9650, MSM8996AU, QCA6174A, QCA6574AU, QCA9377, QCA9379, SD 210/SD 212/SD 205, SD 625, SD 675, SD 712 / SD 710 / SD 670, SD 820, SD 820A, SD 845 / SD 850, SD 855, SDX20, SDX24, SM7150",2019-05-24T17:29:01.287,N/A,Unknown
CVE-2018-11928,"Lack of check on length parameter may cause buffer overflow while processing WMI commands in Snapdragon Auto, Snapdragon Compute, Snapdragon Connectivity, Snapdragon Consumer Electronics Connectivity, Snapdragon Consumer IOT, Snapdragon Industrial IOT, Snapdragon Mobile, Snapdragon Voice & Music, Snapdragon Wired Infrastructure and Networking in IPQ8074, MDM9206, MDM9607, MDM9640, MDM9650, MSM8996AU, QCA6174A, QCA6564, QCA6574, QCA6574AU, QCA6584, QCA6584AU, QCA8081, QCA9377, QCA9379, QCA9886, QCS605, SD 210/SD 212/SD 205, SD 425, SD 600, SD 625, SD 636, SD 675, SD 712 / SD 710 / SD 670, SD 820, SD 820A, SD 835, SD 845 / SD 850, SD 855, SD 8CX, SDA660, SDM630, SDM660, SDX20, SDX24, SM7150, SXR1130",2019-05-24T17:29:01.320,N/A,Unknown
CVE-2018-11930,"Improper input validation on input data which is used to locate and copy the additional IEs in WLAN function can lead to potential integer truncation issue in Snapdragon Auto, Snapdragon Compute, Snapdragon Consumer IOT, Snapdragon Industrial IOT, Snapdragon Mobile in MDM9150, MDM9206, MDM9607, MDM9640, MDM9650, MSM8996AU, QCS605, Qualcomm 215, SD 425, SD 427, SD 430, SD 435, SD 439 / SD 429, SD 450, SD 625, SD 632, SD 636, SD 675, SD 820A, SD 835, SD 845 / SD 850, SD 855, SDA660, SDM439, SDM630, SDM660, SDX20, SDX24, SM7150",2019-05-24T17:29:01.350,N/A,Unknown
CVE-2018-11936,"Index of array is processed in a wrong way inside a while loop and result in invalid index (-1 or something else) leads to out of bound memory access. in Snapdragon Auto, Snapdragon Connectivity, Snapdragon Consumer Electronics Connectivity, Snapdragon Consumer IOT, Snapdragon Industrial IOT, Snapdragon Mobile, Snapdragon Voice & Music, Snapdragon Wired Infrastructure and Networking in MDM9206, MDM9607, MDM9640, MDM9650, MSM8996AU, QCA6174A, QCA6574, QCA6574AU, QCA6584, QCA6584AU, QCA9377, QCA9379, QCA9886, SD 210/SD 212/SD 205, SD 425, SD 427, SD 430, SD 435, SD 450, SD 625, SD 820, SD 820A, SD 835, SDX20, SDX24, Snapdragon_High_Med_2016",2019-05-24T17:29:01.383,N/A,Unknown
CVE-2018-11937,"Lack of input validation before copying can lead to a buffer over read in WLAN function in Snapdragon Auto, Snapdragon Compute, Snapdragon Consumer IOT, Snapdragon Industrial IOT, Snapdragon Mobile in MDM9150, MDM9206, MDM9607, MDM9640, MDM9650, MSM8996AU, QCA6574AU, QCS605, SD 425, SD 427, SD 430, SD 435, SD 450, SD 625, SD 636, SD 675, SD 712 / SD 710 / SD 670, SD 820A, SD 835, SD 845 / SD 850, SD 855, SDA660, SDM630, SDM660, SDX20, SDX24, SM7150",2019-05-24T17:29:01.413,N/A,Unknown
CVE-2018-11940,"Lack of check in length before using memcpy in WLAN function can lead to OOB access in Snapdragon Auto, Snapdragon Compute, Snapdragon Consumer IOT, Snapdragon Industrial IOT, Snapdragon Mobile in MDM9150, MDM9206, MDM9607, MDM9640, MDM9650, MSM8996AU, QCS605, SD 625, SD 636, SD 712 / SD 710 / SD 670, SD 820, SD 820A, SD 835, SD 845 / SD 850, SD 855, SDA660, SDM630, SDM660, SDX20, SDX24, SXR1130",2019-05-24T17:29:01.460,N/A,Unknown
CVE-2018-11949,"Failure to initialize the extra buffer can lead to an out of buffer access in WLAN function in Snapdragon Auto, Snapdragon Compute, Snapdragon Consumer IOT, Snapdragon Industrial IOT, Snapdragon Mobile in MDM9150, MDM9206, MDM9607, MDM9640, MDM9650, MSM8996AU, QCS605, SD 425, SD 427, SD 430, SD 435, SD 450, SD 625, SD 636, SD 712 / SD 710 / SD 670, SD 820A, SD 835, SD 845 / SD 850, SD 855, SDA660, SDM630, SDM660, SDX20, SDX24",2019-05-24T17:29:01.537,N/A,Unknown
CVE-2018-11953,"While processing ssid IE length from remote AP, possible out-of-bounds access may occur due to crafted ssid IE length in Snapdragon Auto, Snapdragon Consumer Electronics Connectivity, Snapdragon Consumer IOT, Snapdragon Industrial IOT, Snapdragon IoT, Snapdragon Mobile, Snapdragon Voice & Music, Snapdragon Wearables in MDM9150, MDM9206, MDM9607, MDM9640, MDM9650, MSM8909W, MSM8996AU, QCA6174A, QCA6574AU, QCA9377, QCA9379, Qualcomm 215, SD 210/SD 212/SD 205, SD 425, SD 439 / SD 429, SD 450, SD 615/16/SD 415, SD 625, SD 632, SD 650/52, SD 820, SD 820A, SDM439, SDX20",2019-05-24T17:29:01.570,N/A,Unknown
CVE-2018-11967,"Signature verification of the skel library could potentially be disabled as the memory region on the remote subsystem in which the library is loaded is allocated from userspace currently in Snapdragon Auto, Snapdragon Compute, Snapdragon Connectivity, Snapdragon Consumer IOT, Snapdragon Industrial IOT, Snapdragon Mobile, Snapdragon Wearables in MDM9150, MDM9206, MDM9607, MDM9640, MDM9650, MSM8909W, MSM8996AU, QCS605, Qualcomm 215, SD 425, SD 427, SD 430, SD 435, SD 439 / SD 429, SD 450, SD 625, SD 632, SD 636, SD 650/52, SD 712 / SD 710 / SD 670, SD 820, SD 820A, SD 835, SD 845 / SD 850, SD 855, SDA660, SDM439, SDM630, SDM660, SDX20, SDX24",2019-05-24T17:29:01.600,N/A,Unknown
CVE-2018-11968,"Improper check before assigning value can lead to integer overflow in Snapdragon Auto, Snapdragon Compute, Snapdragon Connectivity, Snapdragon Consumer Electronics Connectivity, Snapdragon Consumer IOT, Snapdragon Industrial IOT, Snapdragon IoT, Snapdragon Mobile, Snapdragon Voice & Music, Snapdragon Wired Infrastructure and Networking in IPQ4019, IPQ8064, IPQ8074, MDM9206, MDM9607, MDM9640, MDM9650, MSM8996AU, QCA4020, QCA6174A, QCA6564, QCA6574, QCA6574AU, QCA6584, QCA6584AU, QCA8081, QCA9377, QCA9379, QCA9531, QCA9558, QCA9563, QCA9880, QCA9886, QCA9980, QCN5502, QCS605, SD 210/SD 212/SD 205, SD 425, SD 427, SD 430, SD 435, SD 450, SD 600, SD 625, SD 636, SD 675, SD 712 / SD 710 / SD 670, SD 820, SD 820A, SD 835, SD 845 / SD 850, SD 855, SD 8CX, SDA660, SDM630, SDM660, SDX20, SDX24, SM7150, Snapdragon_High_Med_2016, SXR1130",2019-05-24T17:29:01.647,N/A,Unknown
CVE-2018-11976,"ECDSA signature code leaks private keys from secure world to non-secure world in Snapdragon Auto, Snapdragon Compute, Snapdragon Connectivity, Snapdragon Consumer Electronics Connectivity, Snapdragon Consumer IOT, Snapdragon Industrial IOT, Snapdragon IoT, Snapdragon Mobile, Snapdragon Voice & Music, Snapdragon Wearables, Snapdragon Wired Infrastructure and Networking in IPQ8074, MDM9150, MDM9206, MDM9607, MDM9650, MDM9655, MSM8909W, MSM8996AU, QCA8081, QCS605, Qualcomm 215, SD 210/SD 212/SD 205, SD 410/12, SD 425, SD 427, SD 430, SD 435, SD 439 / SD 429, SD 450, SD 615/16/SD 415, SD 625, SD 632, SD 636, SD 650/52, SD 712 / SD 710 / SD 670, SD 820, SD 820A, SD 835, SD 845 / SD 850, SD 8CX, SDA660, SDM439, SDM630, SDM660, Snapdragon_High_Med_2016, SXR1130",2019-05-24T17:29:01.680,N/A,Unknown
CVE-2018-12004,"Secure keypad is unlocked with secure display still intact in Snapdragon Auto, Snapdragon Compute, Snapdragon Consumer Electronics Connectivity, Snapdragon Consumer IOT, Snapdragon Industrial IOT, Snapdragon Mobile, Snapdragon Voice & Music, Snapdragon Wearables in MDM9206, MDM9607, MDM9650, MDM9655, QCS605, SD 210/SD 212/SD 205, SD 410/12, SD 615/16/SD 415, SD 636, SD 712 / SD 710 / SD 670, SD 835, SD 845 / SD 850, SD 8CX, SDA660, SDM630, SDM660, SXR1130",2019-05-24T17:29:01.727,N/A,Unknown
CVE-2018-12005,"An unprivileged user can issue a binder call and cause a system halt in Snapdragon Auto, Snapdragon Compute, Snapdragon Consumer IOT, Snapdragon Industrial IOT, Snapdragon Mobile, Snapdragon Voice & Music, Snapdragon Wearables in MDM9150, MDM9206, MDM9607, MDM9640, MDM9650, MSM8909W, MSM8996AU, QCS605, Qualcomm 215, SD 210/SD 212/SD 205, SD 425, SD 439 / SD 429, SD 450, SD 625, SD 632, SD 636, SD 675, SD 712 / SD 710 / SD 670, SD 820A, SD 835, SD 845 / SD 850, SD 855, SDA660, SDM439, SDM630, SDM660, SDX20, SDX24, SM7150",2019-05-24T17:29:01.757,N/A,Unknown
CVE-2018-12012,"While updating blacklisting region shared buffered memory region is not validated against newly updated black list, causing boot-up to be compromised in Snapdragon Auto, Snapdragon Compute, Snapdragon Consumer Electronics Connectivity, Snapdragon Consumer IOT, Snapdragon Industrial IOT, Snapdragon Mobile, Snapdragon Voice & Music, Snapdragon Wearables in MDM9206, MDM9607, MDM9650, MDM9655, QCS605, SD 210/SD 212/SD 205, SD 410/12, SD 615/16/SD 415, SD 712 / SD 710 / SD 670, SD 835, SD 845 / SD 850, SD 8CX, SXR1130",2019-05-24T17:29:01.787,N/A,Unknown
CVE-2018-12013,"Improper authentication in locked memory region can lead to unprivilged access to the memory in Snapdragon Auto, Snapdragon Compute, Snapdragon Consumer Electronics Connectivity, Snapdragon Consumer IOT, Snapdragon Industrial IOT, Snapdragon Mobile, Snapdragon Voice & Music, Snapdragon Wearables in MDM9206, MDM9607, MDM9650, MDM9655, QCS605, SD 210/SD 212/SD 205, SD 410/12, SD 615/16/SD 415, SD 636, SD 712 / SD 710 / SD 670, SD 835, SD 845 / SD 850, SD 8CX, SDA660, SDM630, SDM660, SXR1130",2019-05-24T17:29:01.820,N/A,Unknown
CVE-2018-13885,"Possible memory overread may be lead to access of sensitive data in Snapdragon Auto, Snapdragon Compute, Snapdragon Consumer IOT, Snapdragon Industrial IOT, Snapdragon Mobile, Snapdragon Wearables in MDM9150, MDM9206, MDM9607, MDM9615, MDM9625, MDM9635M, MDM9650, MDM9655, QCS605, Qualcomm 215, SD 210/SD 212/SD 205, SD 425, SD 427, SD 430, SD 435, SD 439 / SD 429, SD 450, SD 625, SD 632, SD 636, SD 675, SD 712 / SD 710 / SD 670, SD 835, SD 845 / SD 850, SDA660, SDM439, SDM630, SDM660, SDX20, SM7150, SXR1130",2019-05-24T17:29:01.850,N/A,Unknown
CVE-2018-13886,"Unchecked OTA field in GNSS XTRA3 lead to integer overflow and then buffer overflow in Snapdragon Auto, Snapdragon Compute, Snapdragon Consumer Electronics Connectivity, Snapdragon Consumer IOT, Snapdragon Industrial IOT, Snapdragon IoT, Snapdragon Mobile, Snapdragon Voice & Music, Snapdragon Wearables in MDM9150, MDM9206, MDM9607, MDM9615, MDM9635M, MDM9640, MDM9650, MDM9655, MSM8909W, MSM8996AU, QCS605, Qualcomm 215, SD 210/SD 212/SD 205, SD 410/12, SD 425, SD 427, SD 430, SD 435, SD 439 / SD 429, SD 450, SD 600, SD 615/16/SD 415, SD 625, SD 632, SD 636, SD 650/52, SD 675, SD 712 / SD 710 / SD 670, SD 820, SD 820A, SD 835, SD 845 / SD 850, SDA660, SDM439, SDM630, SDM660, SDX20, SM7150, Snapdragon_High_Med_2016, SXR1130",2019-05-24T17:29:01.883,N/A,Unknown
CVE-2018-13887,"Untrusted header fields in GNSS XTRA3 function can lead to integer overflow in Snapdragon Auto, Snapdragon Compute, Snapdragon Consumer IOT, Snapdragon Industrial IOT, Snapdragon Mobile, Snapdragon Wearables in MDM9150, MDM9206, MDM9607, MDM9635M, MDM9650, MDM9655, MSM8909W, QCS605, Qualcomm 215, SD 210/SD 212/SD 205, SD 425, SD 427, SD 430, SD 435, SD 439 / SD 429, SD 450, SD 600, SD 625, SD 632, SD 636, SD 675, SD 712 / SD 710 / SD 670, SD 835, SD 845 / SD 850, SDA660, SDM439, SDM630, SDM660, SDX20, SM7150, SXR1130",2019-05-24T17:29:01.913,N/A,Unknown
CVE-2018-13895,"Due to the missing permissions on several content providers of the RCS app in its android manifest file will lead to an unprivileged access to phone in Snapdragon Auto, Snapdragon Compute, Snapdragon Connectivity, Snapdragon Consumer IOT, Snapdragon Industrial IOT, Snapdragon IoT, Snapdragon Mobile, Snapdragon Wearables in MDM9150, MDM9206, MDM9607, MDM9650, MSM8909W, MSM8996AU, QCS605, Qualcomm 215, SD 210/SD 212/SD 205, SD 425, SD 439 / SD 429, SD 450, SD 615/16/SD 415, SD 625, SD 632, SD 636, SD 650/52, SD 712 / SD 710 / SD 670, SD 820, SD 820A, SD 835, SD 845 / SD 850, SD 855, SDA660, SDM439, SDM630, SDM660, SDX20",2019-05-24T17:29:01.943,N/A,Unknown
CVE-2018-13899,"Processing messages after error may result in user after free memory fault in Snapdragon Auto, Snapdragon Compute, Snapdragon Connectivity, Snapdragon Consumer IOT, Snapdragon Industrial IOT, Snapdragon Mobile, Snapdragon Wearables in MDM9150, MDM9206, MDM9607, MDM9650, MSM8909W, QCS605, Qualcomm 215, SD 425, SD 439 / SD 429, SD 450, SD 625, SD 632, SD 636, SD 675, SD 712 / SD 710 / SD 670, SD 820, SD 820A, SD 845 / SD 850, SD 855, SDA660, SDM439, SDM630, SDM660, SDX20, SDX24, SM7150",2019-05-24T17:29:01.977,N/A,Unknown
CVE-2018-13920,"Use-after-free condition due to Improper handling of hrtimers when the PMU driver tries to access its events in Snapdragon Auto, Snapdragon Consumer IOT, Snapdragon Industrial IOT, Snapdragon Mobile, Snapdragon Wearables in MDM9206, MDM9607, MDM9650, MSM8909W, QCS605, Qualcomm 215, SD 425, SD 439 / SD 429, SD 450, SD 625, SD 632, SD 636, SD 712 / SD 710 / SD 670, SD 820A, SD 845 / SD 850, SD 855, SDM439, SDM630, SDM660, SDX24",2019-05-24T17:29:02.007,N/A,Unknown
CVE-2018-13925,"Error in parsing PMT table frees the memory allocated for the map section but does not reset the context map section reference causing heap use after free issue in Snapdragon Auto, Snapdragon Compute, Snapdragon Connectivity, Snapdragon Consumer IOT, Snapdragon Industrial IOT, Snapdragon IoT, Snapdragon Mobile, Snapdragon Wearables in MDM9206, MDM9607, MDM9650, MSM8909W, MSM8996AU, QCS605, Qualcomm 215, SD 210/SD 212/SD 205, SD 425, SD 427, SD 430, SD 435, SD 439 / SD 429, SD 450, SD 600, SD 615/16/SD 415, SD 625, SD 632, SD 636, SD 650/52, SD 712 / SD 710 / SD 670, SD 820, SD 820A, SD 835, SD 845 / SD 850, SD 855, SDA660, SDM439, SDM630, SDM660, SDX20, Snapdragon_High_Med_2016, SXR1130",2019-05-24T17:29:02.053,N/A,Unknown
CVE-2019-2244,"Possible integer underflow can happen when calculating length of elementary stream info from invalid section length which is later used to read from input buffer in Snapdragon Auto, Snapdragon Compute, Snapdragon Connectivity, Snapdragon Consumer IOT, Snapdragon Industrial IOT, Snapdragon IoT, Snapdragon Mobile, Snapdragon Wearable in MDM9206, MDM9607, MDM9650, MSM8909W, MSM8996AU, QCS605, Qualcomm 215, SD 210/SD 212/SD 205, SD 425, SD 427, SD 430, SD 435, SD 439 / SD 429, SD 450, SD 600, SD 615/16/SD 415, SD 625, SD 632, SD 636, SD 650/52, SD 712 / SD 710 / SD 670, SD 820, SD 820A, SD 835, SD 845 / SD 850, SD 855, SDA660, SDM439, SDM630, SDM660, SDX20, Snapdragon_High_Med_2016",2019-05-24T17:29:02.680,N/A,Unknown
CVE-2019-2245,"Possible integer underflow can happen when calculating length of elementary stream map from invalid packet length which is later used to read from input buffer in Snapdragon Auto, Snapdragon Compute, Snapdragon Connectivity, Snapdragon Consumer IOT, Snapdragon Industrial IOT, Snapdragon IoT, Snapdragon Mobile, Snapdragon Voice & Music, Snapdragon Wearables in MDM9206, MDM9607, MDM9650, MSM8909W, MSM8996AU, QCS605, Qualcomm 215, SD 210/SD 212/SD 205, SD 425, SD 427, SD 430, SD 435, SD 439 / SD 429, SD 450, SD 600, SD 615/16/SD 415, SD 625, SD 632, SD 636, SD 675, SD 712 / SD 710 / SD 670, SD 820, SD 820A, SD 835, SD 845 / SD 850, SD 855, SDA660, SDM439, SDM630, SDM660, SDX20, SM7150, Snapdragon_High_Med_2016",2019-05-24T17:29:02.710,N/A,Unknown
CVE-2019-2247,"Possibility of double free issue while running multiple instances of smp2p test because of proper protection is missing while using global variable in Snapdragon Auto, Snapdragon Compute, Snapdragon Consumer IOT, Snapdragon Industrial IOT, Snapdragon IoT, Snapdragon Mobile, Snapdragon Voice & Music, Snapdragon Wearables in MDM9150, MDM9206, MDM9607, MDM9640, MDM9650, MSM8909W, MSM8996AU, QCS605, Qualcomm 215, SD 210/SD 212/SD 205, SD 425, SD 439 / SD 429, SD 450, SD 615/16/SD 415, SD 625, SD 632, SD 636, SD 650/52, SD 712 / SD 710 / SD 670, SD 820A, SD 835, SD 845 / SD 850, SD 855, SDA660, SDM439, SDM630, SDM660, SDX20, SDX24",2019-05-24T17:29:02.740,N/A,Unknown
CVE-2019-2248,"Buffer overflow can occur if invalid header tries to overwrite the existing buffer which fix size allocation in Snapdragon Auto, Snapdragon Compute, Snapdragon Connectivity, Snapdragon Consumer IOT, Snapdragon Industrial IOT, Snapdragon IoT, Snapdragon Mobile, Snapdragon Voice & Music, Snapdragon Wearables in MDM9150, MDM9206, MDM9607, MDM9650, MSM8909W, MSM8996AU, Qualcomm 215, SD 210/SD 212/SD 205, SD 425, SD 427, SD 430, SD 435, SD 439 / SD 429, SD 450, SD 615/16/SD 415, SD 625, SD 632, SD 636, SD 650/52, SD 820, SD 820A, SD 845 / SD 850, SDM439, SDM660, SDX20",2019-05-24T17:29:02.787,N/A,Unknown
CVE-2019-2250,"Kernel can write to arbitrary memory address passed by user while freeing/stopping a thread in Snapdragon Compute, Snapdragon Consumer IOT, Snapdragon Industrial IOT, Snapdragon Mobile in QCS605, SD 675, SD 712 / SD 710 / SD 670, SD 835, SD 845 / SD 850, SD 855, SD 8CX, SM7150, SXR1130",2019-05-24T17:29:02.820,N/A,Unknown
CVE-2017-8252,"Kernel can inject faults in computations during the execution of TrustZone leading to information disclosure in Snapdragon Auto, Snapdragon Compute, Snapdragon Connectivity, Snapdragon Consumer Electronics Connectivity, Snapdragon Consumer IOT, Snapdragon Industrial IOT, Snapdragon IoT, Snapdragon Mobile, Snapdragon Voice & Music, Snapdragon Wearables, Snapdragon Wired Infrastructure and Networking in IPQ4019, IPQ8074, MDM9150, MDM9206, MDM9607, MDM9615, MDM9635M, MDM9640, MDM9650, MDM9655, MSM8909W, MSM8996AU, QCA8081, QCS605, Qualcomm 215, SD 210/SD 212/SD 205, SD 410/12, SD 425, SD 427, SD 430, SD 435, SD 439 / SD 429, SD 450, SD 615/16/SD 415, SD 625, SD 632, SD 636, SD 650/52, SD 675, SD 712 / SD 710 / SD 670, SD 820, SD 820A, SD 835, SD 845 / SD 850, SD 855, SD 8CX, SDA660, SDM439, SDM630, SDM660, SDX20, SDX24, SM7150, Snapdragon_High_Med_2016, SXR1130",2019-06-14T17:29:00.220,N/A,Unknown
CVE-2018-11819,"Use after issue in WLAN function due to multiple ACS scan requests at a time in Snapdragon Auto, Snapdragon Consumer IOT, Snapdragon Industrial IOT, Snapdragon Mobile in MDM9206, MDM9607, MDM9640, MDM9650, MSM8996AU, QCS605, SD 425, SD 427, SD 430, SD 435, SD 450, SD 625, SD 675, SD 730, SD 820A, SD 835, SD 855, SDA660, SDX20, SDX24",2019-06-14T17:29:00.267,N/A,Unknown
CVE-2018-11929,"Lack of input validation in WLAN function can lead to potential heap overflow in Snapdragon Auto, Snapdragon Consumer IOT, Snapdragon Industrial IOT, Snapdragon Mobile, Snapdragon Voice & Music in MDM9150, MDM9206, MDM9607, MDM9640, MDM9650, MSM8996AU, QCS405, QCS605, SD 425, SD 427, SD 430, SD 435, SD 450, SD 625, SD 636, SD 675, SD 712 / SD 710 / SD 670, SD 730, SD 820A, SD 835, SD 845 / SD 850, SD 855, SDM630, SDM660, SDX20, SDX24",2019-06-14T17:29:00.317,N/A,Unknown
CVE-2018-11934,"Possible out of bounds write due to improper input validation while processing DO_ACS vendor command in Snapdragon Auto, Snapdragon Consumer Electronics Connectivity, Snapdragon Consumer IOT, Snapdragon Industrial IOT, Snapdragon Mobile, Snapdragon Voice & Music in MDM9150, MDM9206, MDM9607, MDM9640, MDM9650, MSM8996AU, QCA6174A, QCA6574AU, QCA9377, QCA9379, QCS605, SD 210/SD 212/SD 205, SD 425, SD 427, SD 430, SD 435, SD 450, SD 625, SD 636, SD 712 / SD 710 / SD 670, SD 820A, SD 845 / SD 850, SD 855, SDA660, SDM630, SDM660, SDX20, SDX24",2019-06-14T17:29:00.363,N/A,Unknown
CVE-2018-11939,"Use after issue in WLAN function due to multiple ACS scan requests at a time in Snapdragon Auto, Snapdragon Consumer IOT, Snapdragon Industrial IOT, Snapdragon Mobile in MDM9150, MDM9206, MDM9607, MDM9640, MDM9650, MSM8909W, QCA6574AU, SD 210/SD 212/SD 205, SD 615/16/SD 415, SD 625, SD 650/52, SD 820, SDX20",2019-06-14T17:29:00.423,N/A,Unknown
CVE-2018-11942,"Failure to initialize the reserved memory which is sent to the firmware might lead to exposure of 1 byte of uninitialized kernel SKB memory to FW in Snapdragon Auto, Snapdragon Consumer IOT, Snapdragon Industrial IOT, Snapdragon Mobile, Snapdragon Voice & Music, Snapdragon Wired Infrastructure and Networking in IPQ4019, IPQ8064, IPQ8074, MDM9150, MDM9206, MDM9607, MDM9640, MDM9650, MSM8996AU, QCS405, QCS605, SD 425, SD 427, SD 430, SD 435, SD 450, SD 625, SD 636, SD 675, SD 712 / SD 710 / SD 670, SD 730, SD 820A, SD 835, SD 845 / SD 850, SD 855, SDA660, SDM630, SDM660, SDX20, SDX24",2019-06-14T17:29:00.470,N/A,Unknown
CVE-2018-11947,"The txrx stats req might be double freed in the pdev detach when the host driver is unloading in Snapdragon Auto, Snapdragon Consumer Electronics Connectivity, Snapdragon Consumer IOT, Snapdragon Industrial IOT, Snapdragon Mobile, Snapdragon Voice & Music, Snapdragon Wired Infrastructure and Networking in IPQ8064, MDM9150, MDM9206, MDM9607, MDM9640, MDM9650, MSM8996AU, QCA6174A, QCA6574AU, QCA9377, QCA9379, QCA9558, QCA9880, QCA9886, QCA9980, QCS405, QCS605, SD 210/SD 212/SD 205, SD 425, SD 427, SD 430, SD 435, SD 450, SD 625, SD 636, SD 675, SD 712 / SD 710 / SD 670, SD 730, SD 820A, SD 835, SD 845 / SD 850, SD 855, SDA660, SDM630, SDM660, SDX20, SDX24",2019-06-14T17:29:00.533,N/A,Unknown
CVE-2018-11955,"Lack of check on length of reason-code fetched from payload may lead driver access the memory not allocated to the frame and results in out of bound read in Snapdragon Auto, Snapdragon Consumer Electronics Connectivity, Snapdragon Consumer IOT, Snapdragon Industrial IOT, Snapdragon IoT, Snapdragon Mobile, Snapdragon Voice & Music, Snapdragon Wearables in MDM9150, MDM9206, MDM9607, MDM9640, MDM9650, MSM8909W, MSM8996AU, QCA6174A, QCA6574AU, QCA9377, QCA9379, QCS405, QCS605, Qualcomm 215, SD 210/SD 212/SD 205, SD 425, SD 427, SD 430, SD 435, SD 439 / SD 429, SD 450, SD 600, SD 615/16/SD 415, SD 625, SD 632, SD 636, SD 650/52, SD 665, SD 712 / SD 710 / SD 670, SD 730, SD 820, SD 820A, SD 835, SD 845 / SD 850, SD 855, SDM439, SDM660, SDX20, SDX24",2019-06-14T17:29:00.580,N/A,Unknown
CVE-2018-13898,"Out-of-Bounds write due to incorrect array index check in PMIC in Snapdragon Auto, Snapdragon Compute, Snapdragon Consumer Electronics Connectivity, Snapdragon Consumer IOT, Snapdragon Industrial IOT, Snapdragon Mobile, Snapdragon Voice & Music in MDM9150, MDM9206, MDM9607, MDM9650, MDM9655, QCS405, QCS605, Qualcomm 215, SD 210/SD 212/SD 205, SD 410/12, SD 425, SD 427, SD 430, SD 435, SD 439 / SD 429, SD 450, SD 625, SD 632, SD 636, SD 675, SD 712 / SD 710 / SD 670, SD 730, SD 835, SD 845 / SD 850, SD 855, SD 8CX, SDA660, SDM439, SDM630, SDM660, SDX24, Snapdragon_High_Med_2016, SXR1130",2019-06-14T17:29:00.613,N/A,Unknown
CVE-2018-13901,"Due to missing permissions in Android Manifest file, Sensitive information disclosure issue can happen in PCI RCS app in Snapdragon Auto, Snapdragon Connectivity, Snapdragon Consumer IOT, Snapdragon Industrial IOT, Snapdragon IoT, Snapdragon Mobile, Snapdragon Voice & Music, Snapdragon Wearables in MDM9206, MDM9607, MDM9650, MSM8909W, MSM8996AU, QCA6574AU, QCS605, SD 210/SD 212/SD 205, SD 615/16/SD 415, SD 636, SD 650/52, SD 675, SD 712 / SD 710 / SD 670, SD 730, SD 820, SD 820A, SD 835, SD 845 / SD 850, SD 855, SDA660, SDM630, SDM660",2019-06-14T17:29:00.673,N/A,Unknown
CVE-2018-13902,"Out of bounds memory read and access due to improper array index validation may lead to unexpected behavior while decoding XTRA file in Snapdragon Auto, Snapdragon Compute, Snapdragon Consumer IOT, Snapdragon Industrial IOT, Snapdragon IoT, Snapdragon Mobile, Snapdragon Voice & Music, Snapdragon Wearables in MDM9150, MDM9206, MDM9607, MDM9615, MDM9635M, MDM9640, MDM9650, MDM9655, MSM8909W, MSM8996AU, QCS605, Qualcomm 215, SD 210/SD 212/SD 205, SD 425, SD 427, SD 430, SD 435, SD 439 / SD 429, SD 450, SD 625, SD 632, SD 636, SD 650/52, SD 675, SD 712 / SD 710 / SD 670, SD 730, SD 820, SD 820A, SD 835, SD 845 / SD 850, SD 855, SD 8CX, SDA660, SDM439, SDM630, SDM660, SDX20, Snapdragon_High_Med_2016, SXR1130",2019-06-14T17:29:00.707,N/A,Unknown
CVE-2018-13906,"The HMAC authenticating the message from QSEE is vulnerable to timing side channel analysis leading to potentially forged application message in Snapdragon Auto, Snapdragon Compute, Snapdragon Connectivity, Snapdragon Consumer Electronics Connectivity, Snapdragon Consumer IOT, Snapdragon Industrial IOT, Snapdragon IoT, Snapdragon Mobile, Snapdragon Voice & Music, Snapdragon Wearables, Snapdragon Wired Infrastructure and Networking in IPQ4019, IPQ8074, MDM9150, MDM9206, MDM9607, MDM9635M, MDM9640, MDM9650, MDM9655, MSM8909W, MSM8996AU, QCA8081, QCS405, QCS605, Qualcomm 215, SD 210/SD 212/SD 205, SD 410/12, SD 425, SD 427, SD 430, SD 435, SD 439 / SD 429, SD 450, SD 615/16/SD 415, SD 625, SD 632, SD 636, SD 650/52, SD 712 / SD 710 / SD 670, SD 820, SD 820A, SD 835, SD 845 / SD 850, SD 855, SD 8CX, SDA660, SDM439, SDM630, SDM660, SDX20, Snapdragon_High_Med_2016, SXR1130",2019-06-14T17:29:00.767,N/A,Unknown
CVE-2018-13907,"While deserializing any key blob during key operations, buffer overflow could occur, exposing partial key information if any key operations are invoked in Snapdragon Auto, Snapdragon Compute, Snapdragon Connectivity, Snapdragon Consumer Electronics Connectivity, Snapdragon Consumer IOT, Snapdragon Industrial IOT, Snapdragon IoT, Snapdragon Mobile, Snapdragon Voice & Music, Snapdragon Wearables, Snapdragon Wired Infrastructure and Networking in IPQ4019, IPQ8074, MDM9150, MDM9206, MDM9607, MDM9635M, MDM9640, MDM9650, MDM9655, MSM8909W, MSM8996AU, QCA8081, QCS405, QCS605, Qualcomm 215, SD 210/SD 212/SD 205, SD 410/12, SD 425, SD 427, SD 430, SD 435, SD 439 / SD 429, SD 450, SD 615/16/SD 415, SD 625, SD 632, SD 636, SD 650/52, SD 712 / SD 710 / SD 670, SD 820, SD 820A, SD 835, SD 845 / SD 850, SD 855, SD 8CX, SDA660, SDM439, SDM630, SDM660, SDX20, Snapdragon_High_Med_2016, SXR1130",2019-06-14T17:29:00.817,N/A,Unknown
CVE-2018-13908,"Truncated access authentication token leads to weakened access control for stored secure application data in Snapdragon Auto, Snapdragon Compute, Snapdragon Connectivity, Snapdragon Consumer Electronics Connectivity, Snapdragon Consumer IOT, Snapdragon Industrial IOT, Snapdragon IoT, Snapdragon Mobile, Snapdragon Voice & Music, Snapdragon Wearables, Snapdragon Wired Infrastructure and Networking in IPQ8074, MDM9150, MDM9206, MDM9607, MDM9650, MDM9655, MSM8909W, MSM8996AU, QCA8081, QCS405, QCS605, Qualcomm 215, SD 210/SD 212/SD 205, SD 410/12, SD 425, SD 427, SD 430, SD 435, SD 439 / SD 429, SD 450, SD 615/16/SD 415, SD 625, SD 632, SD 636, SD 650/52, SD 712 / SD 710 / SD 670, SD 820, SD 820A, SD 835, SD 845 / SD 850, SD 8CX, SDA660, SDM439, SDM630, SDM660, Snapdragon_High_Med_2016, SXR1130",2019-06-14T17:29:00.847,N/A,Unknown
CVE-1999-1090,"The default configuration of NCSA Telnet package for Macintosh and PC enables FTP, even though it does not include an ""ftp=yes"" line, which allows remote attackers to read and modify arbitrary files.",1991-09-10T04:00:00.000,N/A,Mirai
CVE-1999-1098,Vulnerability in BSD Telnet client with encryption and Kerberos 4 authentication allows remote attackers to decrypt the session via sniffing.,1995-03-03T05:00:00.000,N/A,Mirai
CVE-1999-0073,"Telnet allows a remote client to specify environment variables including LD_LIBRARY_PATH, allowing an attacker to bypass the normal system libraries and gain root access.",1995-10-13T04:00:00.000,N/A,Mirai
CVE-1999-1213,Vulnerability in telnet service in HP-UX 10.30 allows attackers to cause a denial of service.,1997-10-01T04:00:00.000,N/A,Mirai
CVE-1999-0192,Buffer overflow in telnet daemon tgetent routing allows remote attackers to gain root access via the TERMCAP environmental variable.,1997-10-18T04:00:00.000,N/A,Mirai
CVE-1999-0273,Denial of service through Solaris 2.5.1 telnet by sending ^D characters.,1998-01-01T05:00:00.000,N/A,Mirai
CVE-1999-0087,Denial of service in AIX telnet can freeze a system and prevent users from accessing the server.,1998-02-01T05:00:00.000,N/A,Mirai
CVE-1999-0290,The WinGate telnet proxy allows remote attackers to cause a denial of service via a large number of connections to localhost.,1998-02-21T05:00:00.000,N/A,Mirai
CVE-1999-0919,A memory leak in a Motorola CableRouter allows remote attackers to conduct a denial of service via a large number of telnet connections.,1998-05-10T04:00:00.000,N/A,Mirai
CVE-1999-1202,StarTech (1) POP3 proxy server and (2) telnet server allows remote attackers to cause a denial of service via a long USER command.,1998-07-03T04:00:00.000,N/A,Mirai
CVE-1999-0285,"Denial of service in telnet from the Windows NT Resource Kit, by opening then immediately closing a connection.",1999-01-01T05:00:00.000,N/A,Mirai
CVE-1999-0619,"Rejected reason: DO NOT USE THIS CANDIDATE NUMBER.  ConsultIDs: None.  Reason: this candidate is solely about a configuration that does not directly introduce security vulnerabilities, so it is more appropriate to cover under the Common Configuration Enumeration (CCE).  Notes: the former description is: ""The Telnet service is running.",1999-01-01T05:00:00.000,N/A,Mirai
CVE-1999-0749,Buffer overflow in Microsoft Telnet client in Windows 95 and Windows 98 via a malformed Telnet argument.,1999-08-16T04:00:00.000,N/A,Mirai
CVE-1999-0740,Remote attackers can cause a denial of service on Linux in.telnetd telnet daemon through a malformed TERM environmental variable.,1999-08-19T04:00:00.000,N/A,Mirai
CVE-1999-0817,"Lynx WWW client allows a remote attacker to specify command-line parameters which Lynx uses when calling external programs to handle certain protocols, e.g. telnet.",1999-09-15T04:00:00.000,N/A,Mirai
CVE-1999-0991,Buffer overflow in GoodTech Telnet Server NT allows remote users to cause a denial of service via a long login name.,1999-12-06T05:00:00.000,N/A,Mirai
CVE-2000-0166,Buffer overflow in the InterAccess telnet server TelnetD allows remote attackers to execute commands via a long login name.,2000-02-21T05:00:00.000,N/A,Mirai
CVE-2000-0212,InterAccess TelnetD Server 4.0 allows remote attackers to conduct a denial of service via malformed terminal client configuration information.,2000-02-24T05:00:00.000,N/A,Mirai
CVE-2000-0152,Remote attackers can cause a denial of service in Novell BorderManager 3.5 by pressing the enter key in a telnet connection to port 2000.,2000-03-30T05:00:00.000,N/A,Mirai
CVE-2000-0268,"Cisco IOS 11.x and 12.x allows remote attackers to cause a denial of service by sending the ENVIRON option to the Telnet daemon before it is ready to accept it, which causes the system to reboot.",2000-04-20T04:00:00.000,N/A,Mirai
CVE-2000-0480,Dragon telnet server allows remote attackers to cause a denial of service via a long username.,2000-06-16T04:00:00.000,N/A,Mirai
CVE-2000-0598,Fortech Proxy+ allows remote attackers to bypass access restrictions for to the administration service by redirecting their connections through the telnet proxy.,2000-06-26T04:00:00.000,N/A,Mirai
CVE-2000-0581,"Windows 2000 Telnet Server allows remote attackers to cause a denial of service by sending a continuous stream of binary zeros, which causes the server to crash.",2000-06-30T04:00:00.000,N/A,Mirai
CVE-2000-0665,GAMSoft TelSrv telnet server 1.5 and earlier allows remote attackers to cause a denial of service via a long username.,2000-07-17T04:00:00.000,N/A,Mirai
CVE-2000-0708,Buffer overflow in Pragma Systems TelnetServer 2000 version 4.0 allows remote attackers to cause a denial of service via a long series of null characters to the rexec port.,2000-10-20T04:00:00.000,N/A,Mirai
CVE-2000-0733,"Telnetd telnet server in IRIX 5.2 through 6.1 does not properly cleans user-injected format strings, which allows remote attackers to execute arbitrary commands via a long RLD variable in the IAC-SB-TELOPT_ENVIRON request.",2000-10-20T04:00:00.000,N/A,Mirai
CVE-2000-0834,"The Windows 2000 telnet client attempts to perform NTLM authentication by default, which allows remote attackers to capture and replay the NTLM challenge/response via a telnet:// URL that points to the malicious server, aka the ""Windows 2000 Telnet Client NTLM Authentication"" vulnerability.",2000-11-14T05:00:00.000,N/A,Mirai
CVE-2000-1063,Buffer overflow in the Telnet service in HP JetDirect printer card Firmware x.08.20 and earlier allows remote attackers to cause a denial of service.,2000-12-11T05:00:00.000,N/A,Mirai
CVE-2000-0991,"Buffer overflow in Hilgraeve, Inc. HyperTerminal client on Windows 98, ME, and 2000 allows remote attackers to execute arbitrary commands via a long telnet URL, aka the ""HyperTerminal Buffer Overflow"" vulnerability.",2000-12-19T05:00:00.000,N/A,Mirai
CVE-2000-1111,"Telnet Service for Windows 2000 Professional does not properly terminate incomplete connection attempts, which allows remote attackers to cause a denial of service by connecting to the server and not providing any input.",2001-01-09T05:00:00.000,N/A,Mirai
CVE-2000-1184,"telnetd in FreeBSD 4.2 and earlier, and possibly other operating systems, allows remote attackers to cause a denial of service by specifying an arbitrary large file in the TERMCAP environmental variable, which consumes resources as the server processes the file.",2001-01-09T05:00:00.000,N/A,Mirai
CVE-2000-1185,The telnet proxy in RideWay PN proxy server allows remote attackers to cause a denial of service via a flood of connections that contain malformed requests.,2001-01-09T05:00:00.000,N/A,Mirai
CVE-2001-0093,Vulnerability in telnetd in FreeBSD 1.5 allows local users to gain root privileges by modifying critical environmental variables that affect the behavior of telnetd.,2001-02-12T05:00:00.000,N/A,Mirai
CVE-2001-0094,"Buffer overflow in kdc_reply_cipher of libkrb (Kerberos 4 authentication library) in NetBSD 1.5 and FreeBSD 4.2 and earlier, as used in Kerberised applications such as telnetd and login, allows local users to gain root privileges.",2001-02-12T05:00:00.000,N/A,Mirai
CVE-2001-0041,"Memory leak in Cisco Catalyst 4000, 5000, and 6000 series switches allows remote attackers to cause a denial of service via a series of failed telnet authentication attempts.",2001-02-16T05:00:00.000,N/A,Mirai
CVE-2001-0270,Marconi ASX-1000 ASX switches allow remote attackers to cause a denial of service in the telnet and web management interfaces via a malformed packet with the SYN-FIN and More Fragments attributes set.,2001-05-03T04:00:00.000,N/A,Mirai
CVE-2001-1338,"Beck IPC GmbH IPC@CHIP TelnetD server generates different responses when given valid and invalid login names, which allows remote attackers to determine accounts on the system.",2001-05-24T04:00:00.000,N/A,Mirai
CVE-2001-1339,"Beck IPC GmbH IPC@CHIP telnet service does not delay or disconnect users from the service when bad passwords are entered, which makes it easier for remote attackers to conduct brute force password guessing attacks.",2001-05-24T04:00:00.000,9.8,Mirai
CVE-2001-1428,"The (1) FTP and (2) Telnet services in Beck GmbH IPC@Chip are shipped with a default password, which allows remote attackers to gain unauthorized access.",2001-05-24T04:00:00.000,N/A,Mirai
CVE-2001-0150,"Internet Explorer 5.5 and earlier executes Telnet sessions using command line arguments that are specified by the web site, which could allow remote attackers to execute arbitrary commands if the IE client is using the Telnet client provided in Services for Unix (SFU) 2.0, which creates session transcripts.",2001-06-02T04:00:00.000,N/A,Mirai
CVE-2001-1263,"telnet95.exe in Pragma InterAccess 4.0 build 5 allows remote attackers to cause a denial of service (crash) via a large number of characters to port 23, possibly due to a buffer overflow.",2001-06-06T04:00:00.000,N/A,Mirai
CVE-2001-0427,"Cisco VPN 3000 series concentrators before 2.5.2(F) allow remote attackers to cause a denial of service via a flood of invalid login requests to (1) the SSL service, or (2) the telnet service, which do not properly disconnect the user after several failed login attempts.",2001-06-18T04:00:00.000,N/A,Mirai
CVE-2001-1291,"The telnet server for 3Com hardware such as PS40 SuperStack II does not delay or disconnect remote attackers who provide an incorrect username or password, which makes it easier to break into the server via brute force password guessing.",2001-07-12T04:00:00.000,9.8,Mirai
CVE-2000-0892,"Some telnet clients allow remote telnet servers to request environment variables from the client that may contain sensitive information, or remote web servers to obtain the information via a telnet: URL.",2001-07-21T04:00:00.000,N/A,Mirai
CVE-2001-0345,"Microsoft Windows 2000 telnet service allows attackers to prevent idle Telnet sessions from timing out, causing a denial of service by creating a large number of idle sessions.",2001-07-21T04:00:00.000,N/A,Mirai
CVE-2001-0346,Handle leak in Microsoft Windows 2000 telnet service allows attackers to cause a denial of service by starting a large number of sessions and terminating them.,2001-07-21T04:00:00.000,N/A,Mirai
CVE-2001-0347,"Information disclosure vulnerability in Microsoft Windows 2000 telnet service allows remote attackers to determine the existence of user accounts such as Guest, or log in to the server without specifying the domain name, via a malformed userid.",2001-07-21T04:00:00.000,N/A,Mirai
CVE-2001-0348,Microsoft Windows 2000 telnet service allows attackers to cause a denial of service (crash) via a long logon command that contains a backspace.,2001-07-21T04:00:00.000,N/A,Mirai
CVE-2001-0349,"Microsoft Windows 2000 telnet service creates named pipes with predictable names and does not properly verify them, which allows local users to execute arbitrary commands by creating a named pipe with the predictable name and associating a malicious program with it, the first of two variants of this vulnerability.",2001-07-21T04:00:00.000,N/A,Mirai
CVE-2001-0350,"Microsoft Windows 2000 telnet service creates named pipes with predictable names and does not properly verify them, which allows local users to execute arbitrary commands by creating a named pipe with the predictable name and associating a malicious program with it, the second of two variants of this vulnerability.",2001-07-21T04:00:00.000,N/A,Mirai
CVE-2001-0351,Microsoft Windows 2000 telnet service allows a local user to make a certain system call that allows the user to terminate a Telnet session and cause a denial of service.,2001-07-21T04:00:00.000,N/A,Mirai
CVE-2001-1292,Sambar Telnet Proxy/Server allows remote attackers to cause a denial of service and possibly execute arbitrary code via a long password.,2001-08-13T04:00:00.000,N/A,Mirai
CVE-2001-0554,"Buffer overflow in BSD-based telnetd telnet daemon on various operating systems allows remote attackers to execute arbitrary commands via a set of options including AYT (Are You There), which is not properly handled by the telrcv function.",2001-08-14T04:00:00.000,N/A,Mirai
CVE-2001-0564,"APC Web/SNMP Management Card prior to Firmware 310 only supports one telnet connection, which allows a remote attacker to create a denial of service via repeated failed logon attempts which temporarily locks the card.",2001-08-22T04:00:00.000,N/A,Mirai
CVE-2001-1443,"KTH Kerberos IV and Kerberos V (Heimdal) for Telnet clients do not encrypt connections if the server does not support the requested encryption, which allows remote attackers to read communications via a man-in-the-middle attack.",2001-08-27T04:00:00.000,N/A,Mirai
CVE-2001-1444,"The Kerberos Telnet protocol, as implemented by KTH Kerberos IV and Kerberos V (Heimdal), does not encrypt authentication and encryption options sent from the server, which allows remote attackers to downgrade authentication and encryption mechanisms via a man-in-the-middle attack.",2001-08-27T04:00:00.000,N/A,Mirai
CVE-2000-1195,telnet daemon (telnetd) from the Linux netkit package before netkit-telnet-0.16 allows remote attackers to bypass authentication when telnetd is running with the -L command line option.,2001-08-31T04:00:00.000,N/A,Mirai
CVE-2001-1039,"The JetAdmin web interface for HP JetDirect does not set a password for the telnet interface when the admin password is changed, which allows remote attackers to gain access to the printer.",2001-08-31T04:00:00.000,N/A,Mirai
CVE-2001-0994,"Marconi ForeThought 7.1 allows remote attackers to cause a denial of service by causing both telnet sessions to be locked via unusual input (e.g., from a port scanner), which prevents others from logging into the device.",2001-09-04T04:00:00.000,N/A,Mirai
CVE-2001-0757,"Cisco 6400 Access Concentrator Node Route Processor 2 (NRP2) 12.1DC card does not properly disable access when a password has not been set for vtys, which allows remote attackers to obtain access via telnet.",2001-10-18T04:00:00.000,N/A,Mirai
CVE-2001-0505,"Multiple memory leaks in Microsoft Services for Unix 2.0 allow remote attackers to cause a denial of service (memory exhaustion) via a large number of malformed requests to (1) the Telnet service, or (2) the NFS service.",2001-10-30T05:00:00.000,N/A,Mirai
CVE-2001-0667,"Internet Explorer 6 and earlier, when used with the Telnet client in Services for Unix (SFU) 2.0, allows remote attackers to execute commands by spawning Telnet with a log file option on the command line and writing arbitrary code into an executable file which is later executed, aka a new variant of the Telnet Invocation vulnerability as described in CVE-2001-0150.",2001-10-30T05:00:00.000,7.3,Mirai
CVE-2001-0797,Buffer overflow in login in various System V based operating systems allows remote attackers to execute arbitrary commands via a large number of arguments through services such as telnet and rlogin.,2001-12-12T05:00:00.000,N/A,Mirai
CVE-2002-0020,Buffer overflow in telnet server in Windows 2000 and Interix 2.2 allows remote attackers to execute arbitrary code via malformed protocol options.,2002-03-08T05:00:00.000,N/A,Mirai
CVE-2002-0133,"Buffer overflows in Avirt Gateway Suite 4.2 allow remote attackers to cause a denial of service and possibly execute arbitrary code via (1) long header fields to the HTTP proxy, or (2) a long string to the telnet proxy.",2002-03-25T05:00:00.000,N/A,Mirai
CVE-2002-0134,"Telnet proxy in Avirt Gateway Suite 4.2 does not require authentication for connecting to the proxy system itself, which allows remote attackers to list file contents of the proxy and execute arbitrary commands via a ""dos"" command.",2002-03-25T05:00:00.000,N/A,Mirai
CVE-2001-1340,"Beck GmbH IPC@Chip TelnetD service supports only one connection and does not disconnect a user who does not complete the login process, which allows remote attackers to lock out the administrator account by connecting to the service.",2002-05-21T04:00:00.000,N/A,Mirai
CVE-2002-0350,"HP Procurve Switch 4000M running firmware C.08.22 and C.09.09 allows remote attackers to cause a denial of service via a port scan of the management IP address, which disables the telnet service.",2002-06-25T04:00:00.000,N/A,Mirai
CVE-2002-0545,Cisco Aironet before 11.21 with Telnet enabled allows remote attackers to cause a denial of service (reboot) via a series of login attempts with invalid usernames and passwords.,2002-07-03T04:00:00.000,N/A,Mirai
CVE-2002-0883,"Vulnerability in Compaq ProLiant BL e-Class Integrated Administrator 1.0 and 1.10, allows authenticated users with Telnet, SSH, or console access to conduct unauthorized activities.",2002-10-04T04:00:00.000,N/A,Mirai
CVE-2002-0886,"Cisco DSL CPE devices running CBOS 2.4.4 and earlier allows remote attackers to cause a denial of service (hang or memory consumption) via (1) a large packet to the DHCP port, (2) a large packet to the Telnet port, or (3) a flood of large packets to the CPE, which causes the TCP/IP stack to consume large amounts of memory.",2002-10-04T04:00:00.000,N/A,Mirai
CVE-2002-1048,HP JetDirect printers allow remote attackers to obtain the administrative password for the (1) web and (2) telnet services via an SNMP request to the variable (.iso.3.6.1.4.1.11.2.3.9.4.2.1.3.9.1.1.0.,2002-10-04T04:00:00.000,N/A,Mirai
CVE-2002-1071,"ZyXEL Prestige 642R allows remote attackers to cause a denial of service in the Telnet, FTP, and DHCP services (crash) via a TCP packet with both the SYN and ACK flags set.",2002-10-04T04:00:00.000,N/A,Mirai
CVE-2002-1282,Unknown vulnerability in the telnet KIO subsystem (telnet.protocol) of KDE 2.x 2.1 and later allows local and remote attackers to execute arbitrary code via a certain URL.,2002-11-29T05:00:00.000,N/A,Mirai
CVE-2002-1272,"Alcatel OmniSwitch 7700/7800 switches running AOS 5.1.1 contains a back door telnet server that was intended for development but not removed before distribution, which allows remote attackers to gain administrative privileges.",2002-12-11T05:00:00.000,N/A,Mirai
CVE-2002-1629,"Multi-Tech ProxyServer products MTPSR1-100, MTPSR1-120, MTPSR1-202ST, MTPSR2-201, and MTPSR3-200 ship with a null password, which allows remote attackers to gain administrative privileges via Telnet or HTTP.",2002-12-31T05:00:00.000,N/A,Mirai
CVE-2002-1898,"Terminal 1.3 in Apple Mac OS X 10.2 allows remote attackers to execute arbitrary commands via shell metacharacters in a telnet:// link, which is executed by Terminal.app window.",2002-12-31T05:00:00.000,N/A,Mirai
CVE-2002-2071,"Compaq Tru64 4.0 d allows remote attackers to cause a denial of service in (1) telnet, (2) FTP, (3) ypbind, (4) rpc.lockd, (5) snmp, (6) ttdbserverd, and possibly other services via a TCP SYN scan, as demonstrated using nmap.",2002-12-31T05:00:00.000,N/A,Mirai
CVE-2002-2174,"The Telnet proxy of 602Pro LAN SUITE 2002 does not restrict the number of outstanding connections to the local host, which allows remote attackers to create a denial of service (memory consumption) via a large number of connections.",2002-12-31T05:00:00.000,N/A,Mirai
CVE-2002-2372,"The telnet server in Infoprint 21 running controller software before 1.056007 allows remote attackers to cause a denial of service (crash) via a long username, possibly due to a buffer overflow.",2002-12-31T05:00:00.000,N/A,Mirai
CVE-2002-2373,"The default configuration of the TCP/IP printer configuration utility in Apple LaserWriter 12/640 PS printer contains a blank Telnet password, which allows remote attackers to gain access.",2002-12-31T05:00:00.000,N/A,Mirai
CVE-2002-0628,"The Telnet service for Polycom ViewStation before 7.2.4 does not restrict the number of failed login attempts, which makes it easier for remote attackers to guess usernames and passwords via a brute force attack.",2003-01-07T05:00:00.000,7.5,Mirai
CVE-2002-0629,The Telnet service for Polycom ViewStation before 7.2.4 allows remote attackers to cause a denial of service (crash) via multiple connections to the server.,2003-01-07T05:00:00.000,N/A,Mirai
CVE-2002-0630,The Telnet service for Polycom ViewStation before 7.2.4 allows remote attackers to cause a denial of service (crash) via long or malformed ICMP packets.,2003-01-07T05:00:00.000,N/A,Mirai
CVE-2002-1558,"Cisco ONS15454 and ONS15327 running ONS before 3.4 have an account for the VxWorks Operating System in the TCC, TCC+ and XTC that cannot be changed or disabled, which allows remote attackers to gain privileges by connecting to the account via Telnet.",2003-03-31T05:00:00.000,N/A,Mirai
CVE-2003-1069,The Telnet daemon (in.telnetd) for Solaris 2.6 through 9 allows remote attackers to cause a denial of service (CPU consumption by infinite loop).,2003-06-03T04:00:00.000,N/A,Mirai
CVE-2003-0795,"The vty layer in Quagga before 0.96.4, and Zebra 0.93b and earlier, does not verify that sub-negotiation is taking place when processing the SE marker, which allows remote attackers to cause a denial of service (crash) via a malformed telnet command to the telnet CLI port, which may trigger a null dereference.",2003-12-15T05:00:00.000,N/A,Mirai
CVE-2004-0411,"The URI handlers in Konqueror for KDE 3.2.2 and earlier do not properly filter ""-"" characters that begin a hostname in a (1) telnet, (2) rlogin, (3) ssh, or (4) mailto URI, which allows remote attackers to manipulate the options that are passed to the associated programs, possibly to read arbitrary files or execute arbitrary code.",2004-07-07T04:00:00.000,N/A,Mirai
